Purchase_Amount,Time_Spent_on_Website,Number_of_products_browsed,Pictures,Shipping_Time,Review_rating,Find_website,Ease_of_purchase,Age,Device
672.3,934,21,4.2,3.81,3.8,Search_Engine,4,51,PC
606.66,1172,28,3.5,1.72,3.9,Search_Engine,4,30,PC
691.8,1096,26,1.7,3.97,4.1,Search_Engine,4,47,PC
477.52,718,17,3.4,1,3.8,Social_Media_Advertisement,4,27,PC
738.14,1101,26,3.8,4.37,4.8,Social_Media_Advertisement,5,33,PC
639.46,849,21,2,4.27,4.9,Friends_or_Family,3,47,Mobile
638.48,854,20,3.7,2.99,3.9,Search_Engine,5,50,PC
561.34,788,19,1.5,3.16,3.8,Social_Media_Advertisement,4,54,PC
472.36,603,18,3.6,4.71,3.7,Social_Media_Advertisement,3,35,PC
771.86,1317,33,4.1,2.1,4.2,Search_Engine,4,44,PC
597.73,942,18,2.7,2.65,3.3,Social_Media_Advertisement,3,49,PC
513.14,566,12,3.6,2.25,3.7,Social_Media_Advertisement,3,35,PC
656.22,788,19,3.1,4.58,4.4,Search_Engine,4,45,PC
536.08,451,7,3.1,1.36,3.9,Social_Media_Advertisement,5,47,PC
589.48,1096,27,2.2,4.24,3.3,Social_Media_Advertisement,4,59,PC
570.6,879,23,2.2,2.95,3.4,Search_Engine,4,32,PC
597.07,801,19,3.5,2.67,3.8,Social_Media_Advertisement,4,53,Mobile
650.46,808,19,3.1,3.61,3.2,Search_Engine,5,33,PC
743.04,1147,30,2.2,4.31,5,Search_Engine,3,49,PC
610.54,1278,31,4,4.91,3.8,Friends_or_Family,5,28,Mobile
482.93,372,10,2.9,3.17,4,Search_Engine,4,53,PC
518.74,557,15,1.1,4.18,4.3,Social_Media_Advertisement,3,51,PC
527.41,588,14,3.9,3.34,3.8,Search_Engine,4,47,PC
745.83,1087,25,3.2,1.09,4.1,Search_Engine,5,38,PC
764.16,1282,31,2.8,3.44,4.3,Social_Media_Advertisement,4,51,PC
674.07,1033,25,2.7,1.98,4.1,Search_Engine,3,42,Mobile
698.18,1225,28,4.2,3.11,4,Social_Media_Advertisement,4,47,PC
616.85,1287,32,2.2,4.38,3,Search_Engine,5,35,PC
689.99,1105,26,2.3,3.8,4,Social_Media_Advertisement,5,53,Mobile
546.38,432,9,3.3,3.31,4,Search_Engine,3,50,PC
700.76,1193,25,2.7,4.07,3.8,Friends_or_Family,4,49,PC
443.89,693,18,3.3,3.57,3.4,Search_Engine,4,60,Mobile
657.55,1098,25,2,3.01,3.9,Search_Engine,5,33,PC
512.62,488,11,3.1,2.58,4.2,Search_Engine,5,39,PC
605.34,560,12,2.6,1.02,3.7,Search_Engine,4,42,PC
576.2,1016,25,2,4.36,3.9,Search_Engine,5,29,PC
522.56,593,14,4.2,3.25,3.6,Search_Engine,4,45,PC
568.8,579,14,3.3,1.6,4.1,Friends_or_Family,4,47,PC
585.12,1023,25,2.8,3.14,3.7,Search_Engine,3,33,Mobile
632.98,925,19,3,2.93,4.1,Search_Engine,4,48,PC
662.5,978,23,2.8,3.47,4.7,Social_Media_Advertisement,4,48,PC
664.4,1001,23,2.2,3.32,3.6,Social_Media_Advertisement,4,46,PC
607.38,1018,26,1.9,1.89,4.7,Search_Engine,4,35,PC
590.12,868,20,4.5,2.16,3.4,Social_Media_Advertisement,4,30,PC
650.72,882,21,1.8,1.89,3.8,Social_Media_Advertisement,4,36,PC
715.81,1159,27,3.8,3.78,4.5,Search_Engine,3,41,PC
573.64,838,19,1.1,4.74,4.6,Social_Media_Advertisement,4,55,PC
452.01,579,15,2.4,2.74,4,Friends_or_Family,3,60,PC
629.58,936,23,3.7,2.88,4.2,Search_Engine,4,32,Mobile
616.12,866,22,3.1,3.21,4.1,Search_Engine,4,33,PC
549.32,922,21,4.1,4.11,3.3,Search_Engine,4,32,PC
620.16,595,14,1.7,2.46,3.7,Search_Engine,5,48,Mobile
358.66,664,13,2.1,1.36,3.7,Search_Engine,4,22,PC
659.21,895,22,3.3,4.02,4.9,Social_Media_Advertisement,5,50,PC
597.6,916,24,1,3.76,4.3,Friends_or_Family,5,33,PC
573.89,385,8,2.4,4.78,4.4,Search_Engine,4,44,PC
625.6,1283,31,4.3,3.93,3.6,Social_Media_Advertisement,3,58,PC
671.3,1466,33,3.9,3.01,3.3,Social_Media_Advertisement,5,34,Mobile
602.8,814,16,3.2,3.6,4.5,Social_Media_Advertisement,4,41,PC
699.28,1012,25,2.2,3.2,4.6,Friends_or_Family,3,46,PC
572.34,439,9,2.9,2.92,4.8,Search_Engine,3,43,PC
721.08,1304,31,3.1,1.16,3.4,Search_Engine,4,40,PC
465.8,936,22,3.9,4.48,3.4,Social_Media_Advertisement,4,23,PC
507.1,603,14,2.5,2.15,4.2,Social_Media_Advertisement,3,43,PC
748.96,1463,33,4.1,4.32,3.9,Social_Media_Advertisement,4,30,PC
747,1028,25,2,3.57,5,Social_Media_Advertisement,4,38,PC
791.48,1318,30,2.9,3.06,3.7,Social_Media_Advertisement,3,40,Mobile
645.52,866,19,2.4,2.6,5,Social_Media_Advertisement,3,53,PC
675.24,1191,26,3.9,2.99,4.2,Search_Engine,3,56,Mobile
760.95,1358,30,4.3,2.61,3.6,Friends_or_Family,4,56,PC
502.9,543,14,1.9,2.56,3.7,Friends_or_Family,4,32,PC
536.06,541,16,3.4,2.68,4.5,Search_Engine,5,42,PC
613.4,657,17,3.2,5.42,4.1,Search_Engine,4,44,PC
618.35,719,16,2.9,4.5,4.5,Search_Engine,4,47,PC
599.24,980,24,1.4,2.64,4,Friends_or_Family,4,32,Mobile
544.82,535,11,2.7,1.47,4.6,Search_Engine,4,38,PC
609.53,1047,27,4.1,2.03,3.9,Search_Engine,3,37,PC
615.92,782,16,3.9,3.73,4.6,Search_Engine,4,48,Mobile
623.92,818,21,1.2,2.47,3.9,Social_Media_Advertisement,5,43,PC
168.76,683,16,4.2,2.19,3.9,Friends_or_Family,4,76,Mobile
551.99,734,22,3.3,3.96,3.8,Search_Engine,3,41,Mobile
517.83,180,2,4.2,1.27,3.6,Friends_or_Family,4,43,PC
579.57,667,15,3.5,3.6,4.7,Search_Engine,4,36,PC
529.3,518,12,3,2.61,4.3,Search_Engine,5,54,Mobile
519.85,981,22,3.7,2.86,3.8,Search_Engine,4,25,PC
607.92,812,19,4.3,2.25,3.5,Social_Media_Advertisement,4,53,PC
734.54,1037,24,2.6,2.72,4.2,Friends_or_Family,4,42,PC
756.18,1384,31,1.7,3.54,4.1,Social_Media_Advertisement,4,48,PC
615.52,877,20,3,1.98,4.9,Social_Media_Advertisement,3,54,PC
568.42,943,21,2.8,4.33,4.1,Social_Media_Advertisement,3,60,PC
498.85,353,8,3.5,3.35,4.3,Social_Media_Advertisement,5,37,Mobile
443.39,767,20,2.6,2.89,4,Search_Engine,4,22,PC
596.68,585,13,3.5,1.98,4.4,Friends_or_Family,4,42,PC
488.95,390,9,3.8,4.49,4.8,Search_Engine,5,55,PC
584.44,833,19,3.4,2.27,4,Search_Engine,4,51,PC
546.86,773,19,3.9,2.94,4,Social_Media_Advertisement,5,31,PC
672.1,1253,29,2.4,1.24,4.4,Search_Engine,4,58,Mobile
590.92,767,19,4.2,3.26,3.9,Search_Engine,3,51,PC
503.56,466,8,5.2,2.94,3.6,Search_Engine,3,49,PC
588.29,934,25,3.2,1.7,4.1,Search_Engine,4,56,Mobile
517.15,264,8,3.3,2.94,3.8,Social_Media_Advertisement,4,46,PC
648.27,963,25,2.4,2.75,3.3,Friends_or_Family,3,50,PC
703.46,1162,26,2.7,4.23,4,Social_Media_Advertisement,4,37,Mobile
627.65,1028,24,2,1.84,2.7,Search_Engine,4,43,PC
713.18,1461,35,3.1,5.38,2.7,Search_Engine,4,48,Mobile
543.66,862,18,3,3.1,4.1,Search_Engine,4,32,PC
638,820,19,2.2,3.12,3.2,Social_Media_Advertisement,3,49,PC
486.06,1007,24,3.5,1.01,3.6,Search_Engine,4,25,PC
736.32,1384,30,2.8,2.21,3.7,Search_Engine,5,45,Mobile
312.18,595,13,4.7,2.48,3.9,Search_Engine,4,17,PC
772.16,1199,28,5.2,2.28,4.6,Social_Media_Advertisement,4,42,PC
523.44,697,15,3.9,1.88,3.3,Search_Engine,4,45,Mobile
388.98,279,7,1.2,2.11,4.6,Search_Engine,4,62,PC
617.54,911,20,2.5,5.05,3.9,Friends_or_Family,4,53,Mobile
543.81,613,16,3.1,2.59,3.9,Search_Engine,3,42,PC
665.37,1056,24,2.9,2.68,3.9,Social_Media_Advertisement,3,44,PC
550.31,455,12,3.2,3.68,4,Social_Media_Advertisement,4,49,PC
543.87,389,9,2.1,2.5,3.6,Search_Engine,4,45,PC
558.05,721,16,3.4,4.27,3.8,Search_Engine,3,45,PC
533.68,532,8,2,3.93,3.8,Search_Engine,4,31,PC
727.26,1340,30,4.5,1.34,3.4,Social_Media_Advertisement,4,51,Mobile
524.7,866,23,5.1,4.67,3.6,Social_Media_Advertisement,5,56,Mobile
604.56,491,11,2.6,2.29,4.9,Search_Engine,4,52,PC
614.79,1004,22,4,2.89,3.7,Search_Engine,4,41,Mobile
725.52,1345,32,4.6,5.02,4.9,Search_Engine,4,40,PC
639.99,1121,26,2,3.16,3.5,Search_Engine,4,37,PC
575.54,774,19,1.8,2.96,4.3,Search_Engine,4,51,PC
567.66,867,20,5.9,2.2,4,Search_Engine,5,31,PC
558.46,594,15,4.2,3.63,4.4,Search_Engine,4,49,PC
473.48,818,20,2.8,3.98,3.5,Search_Engine,4,32,PC
552.57,737,19,3.1,4.56,4,Search_Engine,4,43,Mobile
556.82,934,21,4.3,1.36,3.8,Social_Media_Advertisement,5,28,PC
481.01,349,9,4.2,3.85,3.9,Search_Engine,4,32,PC
483.91,681,20,2.9,3.97,4.4,Search_Engine,4,24,PC
446.16,405,8,2.2,3.84,4.1,Search_Engine,4,36,PC
630.07,880,22,2.1,3.63,4.1,Friends_or_Family,4,47,PC
420.35,884,18,2.6,1.98,4.3,Search_Engine,5,70,Mobile
651.6,977,21,3.3,1.95,3.9,Search_Engine,3,35,PC
526.53,585,15,1.1,3.22,3.9,Social_Media_Advertisement,4,48,Mobile
664.25,943,22,5,1.93,4.3,Social_Media_Advertisement,3,51,Mobile
614.42,908,22,2,4.27,3.8,Search_Engine,4,34,Mobile
736.74,1390,30,2.4,2.62,4.7,Social_Media_Advertisement,4,58,PC
789.78,1433,35,2.7,3.53,3.2,Search_Engine,3,42,PC
550.92,644,15,2.2,2.78,3.7,Social_Media_Advertisement,5,42,Mobile
608.3,717,19,2.6,3.69,3.9,Search_Engine,4,52,Mobile
632.34,760,19,4,1.74,4.2,Social_Media_Advertisement,3,49,Mobile
529.56,812,20,1.5,3.1,4,Search_Engine,4,47,Mobile
454.46,526,11,4.1,2.98,4.4,Social_Media_Advertisement,4,29,Mobile
712.01,1023,23,3.6,3.53,4.6,Friends_or_Family,4,48,Mobile
559.26,706,17,2.5,3.11,3.7,Friends_or_Family,5,54,PC
611.44,890,23,2,2.76,4.3,Search_Engine,4,31,PC
576.9,1008,24,2.8,2.81,3.6,Search_Engine,4,47,Mobile
703.91,1117,28,3.2,2.46,3.4,Search_Engine,3,45,PC
514.04,785,19,3.2,4.1,4.5,Social_Media_Advertisement,4,29,Mobile
764.29,1407,31,2.7,2.1,3.9,Social_Media_Advertisement,4,54,Mobile
635.53,932,24,2,3.91,4,Friends_or_Family,3,54,PC
494.56,668,18,3.1,2.63,3.8,Social_Media_Advertisement,5,50,PC
354.64,414,12,2.7,3.96,3.7,Search_Engine,3,30,PC
557.73,914,22,3.2,2.11,3.6,Search_Engine,3,56,PC
453.79,621,17,4.2,2.71,3.7,Social_Media_Advertisement,4,30,Mobile
739.58,1215,31,4.5,5.17,4.6,Search_Engine,4,40,PC
662.06,1433,32,3,1.03,3.4,Search_Engine,5,32,PC
621.34,713,15,2.4,1.6,4,Social_Media_Advertisement,4,36,PC
569.88,836,17,1.9,3.1,3.9,Social_Media_Advertisement,4,56,Mobile
571.73,700,18,4.5,4.02,4,Search_Engine,4,37,PC
680.46,1172,27,4.4,1.35,3.8,Search_Engine,4,35,PC
559.72,606,16,1.7,3.97,4,Search_Engine,5,44,PC
495.92,460,8,5.1,4.09,3.8,Search_Engine,5,36,PC
594.35,956,21,3.5,1.94,3.9,Search_Engine,3,52,PC
628.4,739,16,2.8,2.4,3.4,Social_Media_Advertisement,4,37,PC
619.46,1046,25,4.2,2.51,3.6,Search_Engine,4,36,PC
568.99,1045,23,5.2,3.53,3.4,Social_Media_Advertisement,4,30,PC
695.78,964,22,2.6,2.95,4.4,Search_Engine,5,53,Mobile
547.22,580,13,1.1,1.36,3.3,Social_Media_Advertisement,4,53,Mobile
520.91,736,18,2.2,2.89,4,Search_Engine,4,38,PC
651.24,930,22,3.4,4.8,4,Search_Engine,4,47,PC
517.74,402,9,4.5,1.09,3.7,Friends_or_Family,4,50,Mobile
683.67,911,19,4.4,2.53,4,Search_Engine,4,48,Mobile
651.14,913,22,4.9,1.84,3.9,Social_Media_Advertisement,4,42,PC
627.42,1305,30,4.6,2.86,2.9,Search_Engine,5,54,PC
575.58,1119,25,3.2,3.77,5,Search_Engine,3,28,PC
642.31,1039,25,1.3,2.7,3.4,Social_Media_Advertisement,4,38,Mobile
799.7,1234,27,3.3,1.84,4.3,Search_Engine,5,47,Mobile
559.69,599,15,2.4,3.47,3.4,Search_Engine,5,47,Mobile
596.24,760,18,4.8,2.66,4.3,Search_Engine,3,37,PC
470.18,553,14,3.7,2.97,3.2,Search_Engine,4,40,PC
601.59,806,19,3.5,3.08,4.4,Search_Engine,3,40,PC
525.35,689,17,3.2,4.22,4.1,Search_Engine,5,50,Mobile
627.06,832,21,3.4,4.12,4.5,Social_Media_Advertisement,4,46,PC
534.93,508,11,1.7,3.43,3.7,Search_Engine,4,41,PC
494.92,474,10,2.2,2.91,4.4,Social_Media_Advertisement,4,53,PC
689.78,991,22,4.1,2.87,4.1,Search_Engine,5,45,Mobile
634.86,1098,25,3.2,1.91,4.1,Social_Media_Advertisement,4,54,PC
659.98,974,24,6.4,2.25,3.5,Social_Media_Advertisement,4,39,PC
559.58,662,16,2.3,2.57,3.9,Search_Engine,5,43,Mobile
666.35,1007,21,3.5,3.49,3.7,Social_Media_Advertisement,4,47,PC
492.92,788,20,3.1,3.18,2.9,Social_Media_Advertisement,4,58,Mobile
751.63,1081,25,3.5,2.91,3.1,Social_Media_Advertisement,4,49,PC
560.08,536,16,4.4,4.09,3.9,Friends_or_Family,4,47,PC
751.92,1222,32,1.6,3.17,4.3,Search_Engine,4,42,PC
523.93,800,20,3.1,2.64,3.3,Friends_or_Family,4,54,Mobile
546.14,535,12,2.6,2.54,3.9,Search_Engine,4,31,PC
612.22,882,20,3,3.45,3.6,Search_Engine,4,39,PC
705.86,1346,32,3.4,2.07,4.3,Social_Media_Advertisement,4,44,PC
663.22,1190,27,3,3.45,4.3,Friends_or_Family,4,48,Mobile
464.5,534,13,2.4,4.02,3.6,Friends_or_Family,4,56,PC
530.02,610,12,2.4,3.36,4.3,Search_Engine,4,49,PC
593.2,709,18,2.5,2.81,3.8,Social_Media_Advertisement,4,56,PC
554.4,661,16,2.7,2.31,3.8,Search_Engine,4,47,Mobile
567.79,690,16,2.5,3.49,4.1,Social_Media_Advertisement,5,46,Mobile
659.58,907,22,2.3,4.12,3.9,Social_Media_Advertisement,4,48,PC
390.26,720,15,3.9,4.12,4.9,Social_Media_Advertisement,3,69,Mobile
641.32,897,20,3.4,4.24,3.7,Search_Engine,4,45,PC
622.68,916,22,2.4,3.23,4.4,Search_Engine,4,57,PC
518.22,849,19,2.5,1.36,3.5,Search_Engine,4,33,PC
487.74,180,3,2.9,2.01,3.9,Social_Media_Advertisement,4,41,Mobile
545.12,424,9,3,3.19,4.6,Social_Media_Advertisement,4,47,PC
716.56,1065,25,3.4,4.1,4.4,Search_Engine,4,40,PC
635.86,731,17,3.3,2.49,4.3,Search_Engine,4,42,PC
769.86,1275,28,2.8,1.6,4.2,Search_Engine,4,48,Mobile
664.28,1108,28,3.2,3.71,4.7,Search_Engine,3,56,Mobile
654.87,886,19,2.9,3.96,3.9,Search_Engine,4,43,PC
673.21,1543,39,4.1,3.29,4.5,Search_Engine,3,61,Mobile
770.29,1320,30,4.2,2.86,3.6,Social_Media_Advertisement,4,44,PC
679.3,1156,24,2.9,2.36,4.9,Search_Engine,4,61,PC
675.93,1031,22,1.8,3.18,4.3,Friends_or_Family,4,42,Mobile
651.07,803,19,2.9,3.75,4,Search_Engine,5,45,PC
512.26,741,20,3.6,1.74,3.7,Search_Engine,4,27,PC
496.99,997,24,1.9,2.65,4.1,Search_Engine,4,24,PC
618.29,892,22,2.4,4.07,4.1,Search_Engine,5,40,PC
519.47,473,10,2.9,3.41,3.7,Social_Media_Advertisement,4,49,Mobile
592.9,991,24,3.5,3.63,3.5,Search_Engine,4,53,Mobile
505.76,1097,23,2.8,1,3.9,Search_Engine,5,22,PC
387.68,405,12,1.6,3.37,3.3,Search_Engine,5,61,PC
590.05,615,12,1.9,1.8,3.7,Social_Media_Advertisement,4,40,PC
398.69,679,18,4.4,2.55,3.5,Friends_or_Family,4,63,Mobile
513.6,679,15,2.1,1.87,3.3,Search_Engine,4,34,PC
559.22,652,16,2.9,2.7,4.3,Search_Engine,4,32,PC
652.37,830,21,2.9,2.72,3.7,Social_Media_Advertisement,4,34,PC
630.95,1177,27,3,1.83,3.3,Social_Media_Advertisement,3,31,Mobile
265.7,180,3,3.1,2.45,4.1,Friends_or_Family,5,65,PC
511.26,430,11,3.7,1.59,3.7,Search_Engine,4,34,PC
291.86,873,22,4,2.6,3.1,Search_Engine,4,71,Mobile
519.9,297,9,2,3.53,3.9,Other,4,36,Mobile
305.35,180,2,2.6,4.52,3.7,Social_Media_Advertisement,4,63,PC
671.82,1087,26,3.2,3.36,4.4,Search_Engine,4,39,Mobile
609.94,948,23,3.4,3.04,3.6,Search_Engine,4,52,PC
655.16,881,22,2.3,4.27,5,Search_Engine,4,53,PC
604.4,962,23,2.9,3.74,3.8,Search_Engine,4,42,Mobile
652.8,923,22,3.2,3.56,3.9,Search_Engine,4,44,PC
525.78,643,16,1.5,4.83,4.4,Search_Engine,4,36,PC
506.78,656,17,3.2,2.49,3.9,Search_Engine,3,50,Mobile
619.15,867,21,1.2,2.86,4.1,Search_Engine,4,42,Mobile
547.68,711,16,2.3,3.03,3.4,Search_Engine,4,48,Mobile
593.66,1043,24,2.3,2.08,4.9,Search_Engine,4,39,Mobile
556.16,759,19,3.9,4.07,3.8,Social_Media_Advertisement,4,31,PC
565.76,552,13,3.6,4.27,4.1,Social_Media_Advertisement,4,43,PC
619.76,873,19,4.9,3.39,4.2,Search_Engine,4,37,PC
525.14,404,6,2.4,1.44,3.9,Social_Media_Advertisement,4,42,PC
596.89,1007,22,3,2.4,4,Search_Engine,5,39,PC
563.36,390,11,3.6,3.15,4.5,Search_Engine,4,41,PC
507.56,180,2,3,1.31,4,Social_Media_Advertisement,3,51,PC
584.8,736,18,3.1,1.36,4.8,Friends_or_Family,4,46,Mobile
536.56,471,12,2.1,2.65,4.4,Search_Engine,4,38,PC
558.98,689,17,2.4,1.68,4.1,Search_Engine,5,43,PC
598.96,826,20,3.5,4.19,4.1,Search_Engine,4,44,PC
756.34,1456,34,2.6,2.35,4.3,Search_Engine,4,46,PC
775.64,1228,26,3.5,2.26,4.7,Friends_or_Family,5,42,PC
545.03,487,12,3,4.13,4.8,Search_Engine,4,34,Mobile
544.44,914,22,3.9,2.07,4.5,Social_Media_Advertisement,4,23,Mobile
586.43,735,18,1.1,3.65,3.4,Social_Media_Advertisement,4,43,PC
720.58,1219,27,3.9,4.84,3.7,Search_Engine,5,46,PC
545.76,1050,27,1.9,5.85,3.6,Social_Media_Advertisement,5,30,PC
384.9,386,9,3.8,2.85,4.2,Friends_or_Family,4,62,PC
663.61,986,22,4.7,1.17,3.7,Social_Media_Advertisement,4,47,PC
508.74,285,5,3.8,1.73,3.2,Search_Engine,5,44,PC
283.94,377,13,2.2,2.68,3.5,Search_Engine,4,67,PC
573.32,899,24,1.9,3.44,3.7,Search_Engine,4,59,PC
589.21,753,18,4.2,2.21,3.3,Social_Media_Advertisement,4,48,PC
657.71,815,16,3.2,2.19,4.8,Search_Engine,5,32,Mobile
478.71,545,14,3.1,3.45,4.2,Search_Engine,3,50,Mobile
784.32,1229,27,4.1,3.62,3.5,Friends_or_Family,5,37,PC
748.84,1303,33,1.6,1.92,3.1,Search_Engine,4,51,Mobile
618.39,1149,25,4.1,2.84,3.4,Search_Engine,4,52,PC
489.67,569,15,3.5,3.77,2.7,Social_Media_Advertisement,4,45,PC
568.14,521,10,2.2,2.9,4.5,Friends_or_Family,4,40,PC
381.54,697,17,2,3.82,3.9,Social_Media_Advertisement,3,67,PC
611.88,981,24,3.1,1.92,4,Search_Engine,4,47,PC
483.04,355,9,2.7,4.57,3.7,Search_Engine,4,38,PC
666.88,1155,26,3.6,3.36,3.3,Search_Engine,4,36,PC
454.8,879,18,2,4.81,3.6,Search_Engine,5,64,PC
740.11,1054,22,3.9,2.83,3.7,Friends_or_Family,4,46,PC
722.6,1173,26,2.9,2.16,4.5,Search_Engine,4,45,PC
543.04,610,14,2.9,4.16,3.7,Social_Media_Advertisement,4,40,PC
514.74,335,10,2.7,1.72,3.3,Social_Media_Advertisement,5,43,PC
606.6,1166,28,2,3.5,4.7,Friends_or_Family,4,65,PC
410.15,247,9,3.4,2.45,4.9,Search_Engine,4,29,PC
668.68,1118,25,3.1,2.02,4.9,Search_Engine,5,50,PC
615.58,604,14,2,3.59,4,Social_Media_Advertisement,5,35,PC
617.29,789,18,4.1,2.62,4.8,Friends_or_Family,3,36,Mobile
562.98,689,18,1.2,1.02,4.2,Social_Media_Advertisement,4,45,PC
643.38,1001,22,2,1.15,3.8,Search_Engine,3,46,PC
667.08,904,21,2.9,2.76,4.2,Social_Media_Advertisement,4,51,PC
582.84,684,15,2.7,2.09,3.8,Social_Media_Advertisement,4,44,PC
555.62,699,17,2,4.94,3.5,Search_Engine,4,39,Mobile
536.38,678,16,2.5,2.88,4.1,Search_Engine,4,32,PC
597.6,829,20,2,1.62,5,Social_Media_Advertisement,5,45,PC
537.55,465,14,2,2.81,4,Search_Engine,4,43,PC
784.42,1289,29,2,2.85,3.3,Friends_or_Family,4,39,PC
584.69,863,20,3.5,1.69,3.9,Search_Engine,4,41,Mobile
462,886,18,2.3,2.6,3.4,Search_Engine,4,64,Mobile
636.18,955,21,2.4,1.39,3.9,Search_Engine,5,42,PC
488.04,718,14,3.4,2.84,4.4,Search_Engine,4,60,PC
533.58,743,20,2.5,3.34,3,Search_Engine,4,42,PC
718.76,1054,22,1,3.42,3.9,Social_Media_Advertisement,4,40,PC
626.92,867,18,2.9,4.11,3.8,Search_Engine,4,35,PC
685.16,1044,21,2.8,3.18,3.4,Search_Engine,3,50,Mobile
547.58,719,15,3,3.49,3.9,Social_Media_Advertisement,3,52,Mobile
500.72,313,8,3.4,2.73,3.6,Social_Media_Advertisement,3,54,PC
484.42,292,8,1.8,1.62,5,Search_Engine,4,47,Mobile
718.96,1258,30,2,1.92,4.1,Search_Engine,5,54,PC
806.84,1500,36,4.5,2.37,3.4,Search_Engine,4,44,PC
382.75,834,21,3.2,2.41,4.1,Social_Media_Advertisement,4,16,PC
554.29,814,18,3.9,1.95,2.7,Social_Media_Advertisement,4,55,PC
397.34,456,11,2.2,2.8,4.2,Social_Media_Advertisement,3,23,PC
537.68,838,18,1.3,2.61,2.3,Social_Media_Advertisement,4,42,PC
569.12,875,21,2.4,2.13,4.4,Search_Engine,4,54,Mobile
531.11,910,21,2.5,3.35,3.9,Social_Media_Advertisement,4,57,PC
759.93,1363,32,3.3,3.49,4.6,Search_Engine,5,49,PC
546.14,714,17,3.6,2.01,4.3,Search_Engine,4,35,Mobile
403.76,303,8,2.8,3.12,4.2,Social_Media_Advertisement,3,26,PC
650.31,909,21,3.1,3.8,3.4,Social_Media_Advertisement,3,42,Mobile
534.38,623,16,2.9,2.61,4.4,Social_Media_Advertisement,4,58,PC
414.44,540,12,2.9,3.1,3.6,Search_Engine,3,28,PC
531.02,604,14,2.1,2.75,4.6,Search_Engine,3,55,Mobile
620.43,726,17,4.8,2.52,3.8,Friends_or_Family,4,39,PC
362.47,649,13,4,1.39,3.9,Social_Media_Advertisement,4,20,Mobile
423.8,505,13,2.8,4.33,3.4,Search_Engine,4,54,Mobile
642.53,1101,26,3,3.15,3.9,Search_Engine,4,51,PC
680.76,1350,33,3.3,4.02,4,Search_Engine,3,53,PC
602.57,1010,26,2.6,3.44,3.9,Social_Media_Advertisement,3,51,Mobile
574.24,825,16,3.9,3.64,3.7,Search_Engine,3,50,PC
677.4,888,21,1.9,4.13,4.2,Search_Engine,4,53,PC
536.48,673,16,3.2,1.97,4.4,Social_Media_Advertisement,3,33,PC
509.66,888,20,4.6,2.99,3.7,Search_Engine,3,57,PC
684.62,1075,26,1.6,3.89,3.2,Search_Engine,4,42,Mobile
550.58,683,15,3.6,1.44,4,Social_Media_Advertisement,5,35,PC
730.9,1065,27,3.7,1.96,4.1,Friends_or_Family,4,46,PC
399.86,180,2,3.3,3.58,3.4,Search_Engine,4,55,PC
591.12,975,23,2.5,2.19,3.5,Search_Engine,4,55,PC
486.17,266,5,2.8,2.3,3.8,Search_Engine,4,42,Mobile
527.79,923,20,3,1.36,4.6,Social_Media_Advertisement,4,65,PC
719.19,1276,32,3.5,3.85,3,Social_Media_Advertisement,4,47,PC
684.54,913,21,2.9,2.86,4.2,Social_Media_Advertisement,4,35,PC
594.28,1000,25,2.6,1.36,3.6,Search_Engine,5,46,PC
456.02,869,22,3.1,2.19,3.7,Friends_or_Family,4,62,Mobile
618.96,810,18,2.4,4.33,4.1,Search_Engine,4,50,PC
559.48,826,22,4.6,4.01,3.8,Search_Engine,4,52,PC
443.87,580,16,3.3,2.16,3.8,Search_Engine,4,58,Mobile
469.26,487,10,2.5,3.72,4.1,Search_Engine,4,34,PC
523.68,786,19,2.8,4.2,3,Search_Engine,5,35,PC
572.6,821,22,2.7,4.12,4.9,Search_Engine,4,30,Mobile
683.48,933,20,3.3,2.95,3.9,Search_Engine,4,56,Mobile
762.5,1162,25,3.3,2.61,4,Friends_or_Family,4,49,PC
669.98,1002,23,2.6,2.43,3.4,Search_Engine,3,42,PC
583.7,778,19,3.8,2.42,3.5,Social_Media_Advertisement,4,37,Mobile
691.14,912,21,2.3,2.25,4,Social_Media_Advertisement,4,45,PC
722.95,1238,29,2,3.79,4.9,Social_Media_Advertisement,4,44,Mobile
545.59,685,15,3.1,3.69,3.7,Social_Media_Advertisement,5,52,PC
381.54,180,5,3.1,4.46,4.9,Search_Engine,4,58,PC
575.6,644,13,3.7,2.59,4.8,Search_Engine,4,37,PC
496.62,345,8,3.7,1.8,4.9,Social_Media_Advertisement,4,36,Mobile
556.93,855,18,4,3.38,3.4,Social_Media_Advertisement,4,45,Mobile
534.32,404,12,2.4,3.69,3.5,Social_Media_Advertisement,5,37,PC
525.48,908,21,2,2.94,3.2,Social_Media_Advertisement,4,59,Mobile
445.92,546,12,3,2.47,3.3,Search_Engine,4,48,PC
671.49,934,20,4.2,5.18,4.4,Social_Media_Advertisement,4,36,PC
423.8,472,10,2.2,3.37,3.7,Search_Engine,4,57,Mobile
584.18,1109,25,4.4,4.8,4.3,Search_Engine,3,65,PC
662.03,1177,29,3.5,2.09,3.6,Other,5,35,PC
658.2,1078,24,4.3,1.36,4.5,Social_Media_Advertisement,4,40,PC
626.92,1100,26,2.6,2.18,4,Search_Engine,4,58,PC
588.11,751,18,2.6,3.86,3.7,Search_Engine,4,43,PC
588,943,23,3.9,2.95,4,Social_Media_Advertisement,5,55,PC
779.28,1643,39,3.4,1.85,4.4,Search_Engine,4,55,PC
504.92,543,16,6.1,2,4.2,Social_Media_Advertisement,4,61,Mobile
252.54,180,2,2.7,4.04,3.5,Search_Engine,4,69,PC
620.3,955,23,2.7,2.97,3.8,Social_Media_Advertisement,4,44,PC
533.28,572,14,2.7,2.92,3.3,Search_Engine,4,56,PC
663.8,1133,28,2.8,3.92,3.8,Social_Media_Advertisement,3,35,PC
770.6,1360,33,1.4,3.45,3.9,Social_Media_Advertisement,4,45,PC
629.05,915,22,2.8,2.86,4.2,Search_Engine,5,59,PC
643.79,1248,28,2.3,3.13,3.8,Social_Media_Advertisement,4,61,PC
631.54,793,19,2.4,3.86,4.9,Search_Engine,3,41,PC
512.9,785,17,3.7,2.14,3,Search_Engine,4,51,Mobile
700.14,1237,29,4.4,2.22,3.9,Social_Media_Advertisement,5,59,PC
748.07,1551,33,2,3.34,3.5,Social_Media_Advertisement,3,53,PC
643.51,1139,26,1.4,3.17,4.6,Search_Engine,4,56,PC
724.8,1589,39,4,3.47,4.1,Other,3,34,Mobile
451.41,707,17,2.3,2.26,3.5,Search_Engine,4,64,Mobile
554.64,605,14,3.2,1.79,4.2,Social_Media_Advertisement,4,37,PC
596.76,967,21,3.8,3.31,2.8,Social_Media_Advertisement,4,33,Mobile
625.82,714,20,4.4,4.45,3.8,Search_Engine,3,38,PC
618.2,984,24,2.9,1.98,3.9,Social_Media_Advertisement,4,52,Mobile
608.05,688,19,2.9,3.43,5,Search_Engine,4,46,Mobile
744.06,1314,30,2.2,2.65,3.8,Search_Engine,4,48,PC
565.42,800,20,2.8,4.38,3.4,Search_Engine,4,57,Mobile
766.08,1228,28,2.9,3.36,4.2,Social_Media_Advertisement,4,35,PC
439.79,1186,26,4.4,2.29,3.4,Social_Media_Advertisement,4,69,PC
537.5,848,18,4.7,4.18,4.3,Social_Media_Advertisement,4,60,PC
418.42,180,6,3.6,2.44,3.4,Search_Engine,3,42,PC
461.38,619,15,2.7,4.36,3.7,Search_Engine,4,26,Mobile
315.36,879,21,4,3.15,3.5,Search_Engine,4,71,PC
718.1,1283,31,1.6,1.36,4.4,Search_Engine,4,35,Mobile
533.46,479,10,3.6,2.64,3.8,Search_Engine,4,46,PC
678.14,980,23,4.5,3.88,3.5,Search_Engine,4,35,PC
574.3,628,15,5.4,3.85,3.4,Search_Engine,4,37,PC
589.5,430,13,2.6,1.36,4.1,Friends_or_Family,4,42,PC
643.31,818,21,2.4,4.14,4.9,Social_Media_Advertisement,5,46,PC
566.98,659,16,2.8,3.49,3.5,Social_Media_Advertisement,4,48,PC
576.13,897,20,2.9,3.2,3.5,Social_Media_Advertisement,4,37,PC
608.12,760,19,5.4,2.99,4.5,Friends_or_Family,4,39,PC
675.34,1225,29,2.7,2.95,4,Social_Media_Advertisement,3,49,Mobile
545.06,932,22,2.5,3.67,4.3,Search_Engine,4,49,Mobile
764.3,1525,35,4.3,2.33,4.1,Search_Engine,4,52,PC
612.78,843,23,2.8,2.13,3.1,Search_Engine,4,44,PC
608.97,998,23,1.7,1.84,4.1,Social_Media_Advertisement,3,56,Mobile
722.99,1478,34,2,3.58,4.5,Other,4,49,Mobile
529.48,467,11,2.7,2.18,3.7,Search_Engine,5,55,PC
509.92,763,22,3.6,3.2,3.9,Search_Engine,4,30,Mobile
530.56,576,13,2.8,1.51,3.9,Search_Engine,4,46,PC
477.58,442,12,2.2,2.19,4.4,Social_Media_Advertisement,5,56,PC
727.77,1072,26,2,3.11,4.2,Social_Media_Advertisement,4,44,Mobile
671.76,951,21,4,3.43,3.7,Search_Engine,4,44,PC
687.04,949,21,2.7,3.25,3.6,Social_Media_Advertisement,5,51,PC
480.2,1513,34,3.4,3.99,3.4,Search_Engine,4,71,PC
460.92,463,13,2.5,2.47,3.9,Search_Engine,4,59,Mobile
678.58,1000,26,4.4,2.41,3.8,Social_Media_Advertisement,4,39,Mobile
558.33,937,20,3.5,3.37,4.7,Social_Media_Advertisement,3,61,PC
557.05,449,13,2.4,2.73,3.6,Search_Engine,4,46,PC
497.23,437,10,4.1,1.26,3.4,Social_Media_Advertisement,3,56,Mobile
542.02,589,14,4.4,4.09,3.1,Friends_or_Family,4,43,Mobile
709.74,1137,27,2.9,2.65,3.6,Search_Engine,4,50,PC
534.06,545,15,2.8,3.09,3.4,Search_Engine,4,46,Mobile
507.38,649,16,3.2,3.17,3.9,Social_Media_Advertisement,5,47,Mobile
569.23,738,18,1.7,1.75,3.4,Social_Media_Advertisement,4,48,PC
664.43,905,20,4.7,2.32,4.5,Search_Engine,4,43,PC
666.67,848,19,3.9,3.35,4.7,Search_Engine,4,47,Mobile
394.04,756,19,2.1,3.46,3.2,Social_Media_Advertisement,3,26,PC
732.74,1157,29,2.3,2.64,3.8,Friends_or_Family,5,44,PC
717.44,1392,32,3.5,4.85,4.4,Search_Engine,4,44,PC
651.13,817,19,3.4,2.25,4.5,Social_Media_Advertisement,4,47,PC
443.87,676,17,4.1,2.63,4.8,Social_Media_Advertisement,3,25,PC
674.5,925,22,4.2,4.15,4.4,Search_Engine,4,37,PC
644.6,883,20,1.5,4.8,3,Search_Engine,4,49,PC
651.64,803,19,2.4,1.72,4.7,Social_Media_Advertisement,4,43,Mobile
663.01,1084,27,4.5,2.83,2.9,Search_Engine,4,42,PC
750.79,1253,31,1.4,5.19,3.5,Social_Media_Advertisement,4,46,PC
462.58,708,21,1.2,3.22,4.9,Friends_or_Family,4,63,PC
580.7,695,19,3.8,1.75,3.9,Social_Media_Advertisement,4,49,PC
530.87,548,14,2,1.36,3.5,Social_Media_Advertisement,4,39,PC
558.18,1106,26,3.1,4.74,3.9,Search_Engine,3,60,Mobile
649.7,1093,29,3.3,1.7,4.3,Social_Media_Advertisement,3,55,Mobile
738.98,917,21,1.5,2.94,4.4,Search_Engine,4,42,PC
436.66,295,6,2.4,3.74,3.7,Search_Engine,3,56,Mobile
671.69,1201,31,3.9,3.55,4.3,Search_Engine,4,51,PC
474.6,1188,27,3.6,3.39,3.8,Search_Engine,4,66,PC
575.01,789,19,1.9,2.39,3.9,Social_Media_Advertisement,4,38,PC
618.44,883,22,4.6,3.25,4.2,Search_Engine,4,56,PC
720.78,1345,31,1.6,2.19,3.7,Search_Engine,4,38,PC
670.84,952,23,1.3,3.33,4.6,Social_Media_Advertisement,4,34,PC
667.3,945,21,2.2,2.77,3.8,Social_Media_Advertisement,4,41,Mobile
420.46,231,8,3.8,4.06,3.4,Social_Media_Advertisement,4,49,PC
636.02,877,19,3.8,3.75,3.7,Social_Media_Advertisement,5,40,PC
545.43,585,15,3.1,5.26,4,Search_Engine,4,40,Mobile
754.3,1327,30,2.3,1.36,3.2,Search_Engine,4,37,PC
641.62,1132,29,2.6,3.09,4.1,Social_Media_Advertisement,4,37,PC
699.96,950,21,2.9,2.35,4.3,Social_Media_Advertisement,4,36,PC
634.45,768,15,4.2,3.77,3.9,Search_Engine,4,41,PC
468.62,423,9,4.3,3.51,3.7,Social_Media_Advertisement,4,58,PC
519.68,257,6,1.8,2.59,4.4,Social_Media_Advertisement,4,34,PC
635.41,756,18,2.6,3.59,4.2,Social_Media_Advertisement,4,35,PC
552.38,852,19,2,6.85,4.1,Search_Engine,4,56,PC
709.06,1302,30,3.5,4.01,3.5,Social_Media_Advertisement,4,49,PC
219.42,666,16,3.9,4.17,3.2,Social_Media_Advertisement,4,72,PC
680.75,889,22,3.8,2.81,4,Search_Engine,3,52,Mobile
500.13,718,16,3.6,3,3,Search_Engine,4,27,PC
596.18,853,19,3.1,3.58,3.9,Search_Engine,4,56,PC
654.17,1100,25,1.8,4.1,3.8,Social_Media_Advertisement,4,50,PC
537.11,649,14,1.7,2.23,4.3,Social_Media_Advertisement,4,58,PC
580.66,663,14,3.4,2.38,4.3,Search_Engine,4,38,PC
524.25,767,18,3.9,4.77,4.3,Other,4,58,Mobile
613.92,910,23,2.8,2.95,3,Social_Media_Advertisement,4,42,Mobile
380.7,180,2,3.4,3.84,4.1,Search_Engine,4,58,Mobile
513.02,437,12,2.4,3.78,4.3,Social_Media_Advertisement,4,34,PC
609.36,755,17,3.4,1.1,4.4,Social_Media_Advertisement,3,53,PC
403.3,180,2,4.7,3.64,3.9,Other,3,29,PC
630.56,697,15,2.3,3.36,5,Friends_or_Family,4,33,PC
604.22,620,16,1.1,1.73,3.6,Social_Media_Advertisement,4,44,PC
517.82,815,21,3.7,3.74,3.5,Search_Engine,5,57,PC
572.42,907,22,4.4,2.01,3.4,Search_Engine,4,47,Mobile
631.96,684,15,3.3,2.7,3.4,Search_Engine,4,43,PC
628.48,861,18,2.9,3.19,4.1,Search_Engine,4,36,PC
530.47,584,16,2.8,3.98,4.2,Search_Engine,5,42,Mobile
529.12,443,11,3.6,4.63,4,Social_Media_Advertisement,4,49,Mobile
545.81,648,17,1.8,4.44,2.8,Search_Engine,3,42,PC
689.78,1149,26,4.2,2.95,3.9,Search_Engine,4,40,PC
581.42,1071,25,2.7,1.82,2.4,Search_Engine,3,33,Mobile
614.07,890,16,3,2.69,3.5,Social_Media_Advertisement,3,48,PC
496.97,645,16,2.9,2.99,4.2,Search_Engine,4,60,Mobile
747.46,1387,30,4.5,4.08,4.6,Search_Engine,4,52,PC
770.34,1279,28,4.8,2.58,3.6,Social_Media_Advertisement,4,41,PC
319.6,248,6,3.3,4.31,4.2,Search_Engine,5,62,PC
686.92,863,21,2.4,2.62,4.4,Search_Engine,4,53,PC
693.39,1099,26,3.8,2.95,4.1,Friends_or_Family,5,36,PC
584.11,1081,25,4.5,2.76,4.6,Search_Engine,4,58,PC
624.36,615,15,4.4,3.59,3.8,Search_Engine,4,44,PC
630.22,986,24,3.3,2.91,3.9,Social_Media_Advertisement,4,49,PC
639.3,913,21,3.8,4.03,4.7,Search_Engine,4,53,PC
433.26,1018,24,3.7,2.97,3.6,Search_Engine,3,65,PC
523.3,563,13,1.8,1.97,4,Search_Engine,4,48,PC
572.62,722,17,3.7,5.05,4.1,Search_Engine,3,34,PC
495.84,793,19,4.2,3.3,3.5,Social_Media_Advertisement,4,51,PC
562.69,960,24,2.3,1.03,4.4,Search_Engine,3,60,PC
629.16,1206,28,1.4,3.02,3.8,Search_Engine,4,41,Mobile
475.93,424,13,2,2.85,4.5,Social_Media_Advertisement,5,29,Mobile
659.58,1086,25,3.8,3.37,4.2,Search_Engine,4,44,Mobile
563.06,713,17,3.8,2.85,3.5,Search_Engine,3,48,PC
604,1027,23,1.8,4.09,3.9,Social_Media_Advertisement,4,57,Mobile
412.27,517,10,3.8,2.98,3,Social_Media_Advertisement,4,56,PC
604.32,860,21,2.8,4.42,4.2,Search_Engine,4,47,PC
411.04,316,9,1.7,2.12,4.6,Other,5,26,PC
674.13,1152,30,5.4,3.47,3.8,Friends_or_Family,4,41,Mobile
573.5,1131,28,3.8,2.17,3.7,Social_Media_Advertisement,4,62,PC
597.64,769,19,4,2.26,4.1,Search_Engine,5,41,PC
759.93,1116,25,4.3,1.96,5,Social_Media_Advertisement,4,46,PC
556.73,180,5,3.2,2.95,4.8,Search_Engine,5,49,PC
409.71,745,17,3.2,5.06,4.9,Social_Media_Advertisement,4,17,PC
677.7,1111,25,2.9,1.53,4,Search_Engine,4,44,PC
662.8,955,24,4.4,2.06,4.6,Social_Media_Advertisement,4,48,Mobile
518.46,707,19,3.8,3.87,4,Search_Engine,4,56,PC
706.6,939,22,3.2,4.5,4.5,Social_Media_Advertisement,4,53,PC
627.66,865,20,2.7,3.54,3.7,Social_Media_Advertisement,4,47,Mobile
434.37,842,18,4.6,3.68,3.7,Social_Media_Advertisement,4,63,Mobile
468.1,450,12,4.2,2.99,3.8,Social_Media_Advertisement,4,31,PC
522.93,798,19,2,4.06,4.2,Search_Engine,4,58,PC
861.66,1546,37,1.6,2.59,3.7,Social_Media_Advertisement,4,43,PC
621.84,624,14,2.3,3.79,4.7,Search_Engine,4,46,PC
639.21,805,18,2.2,2.76,4.4,Social_Media_Advertisement,4,37,PC
663.2,904,20,2,3.68,4.4,Friends_or_Family,4,41,PC
711.03,1158,26,3.4,2,4.7,Search_Engine,4,49,PC
532.62,425,10,5,2.62,4,Search_Engine,4,49,Mobile
618.6,542,12,2.9,2.13,4.5,Friends_or_Family,5,38,PC
752.92,1659,36,2.3,2.68,3.6,Search_Engine,3,39,PC
742.46,1440,33,2,3.82,4.5,Search_Engine,5,52,PC
869.57,1764,40,2.6,1.3,4.7,Search_Engine,5,49,Mobile
748.46,1317,31,4.6,3.83,3.9,Search_Engine,4,49,PC
657.62,1099,24,4.2,3.72,4.1,Search_Engine,4,34,Mobile
561.9,351,11,2.7,4.2,4.3,Search_Engine,4,48,Mobile
601.82,1069,21,3.3,4.87,3.6,Social_Media_Advertisement,4,35,Mobile
577.22,937,23,4,3.16,3.9,Search_Engine,3,56,PC
629.81,987,24,1.9,3.66,3.8,Search_Engine,5,48,PC
336.66,493,12,3.8,2.75,4.2,Search_Engine,4,68,PC
537.51,827,20,1.5,3.22,3,Search_Engine,4,42,PC
647.03,901,21,1.6,4.68,4.1,Social_Media_Advertisement,4,48,PC
561.38,812,20,2.1,4.01,4.1,Search_Engine,5,31,PC
554.22,573,13,2,4.25,4.5,Social_Media_Advertisement,5,31,PC
589.52,694,16,3.4,4.56,3.9,Search_Engine,4,40,PC
615.53,1084,26,4.9,2.25,3.4,Social_Media_Advertisement,4,26,PC
580,1478,37,2.4,3.49,3.4,Social_Media_Advertisement,4,61,Mobile
684.42,935,23,1.7,1.92,3.7,Search_Engine,4,42,PC
462.36,192,6,3.6,3.99,4.4,Social_Media_Advertisement,4,46,PC
624,853,21,2.6,3.36,3.8,Search_Engine,3,42,Mobile
547.04,635,16,2.4,3.02,3.1,Search_Engine,4,47,PC
567.24,1110,27,4.7,3.33,3.7,Social_Media_Advertisement,4,62,Mobile
674.68,997,23,3.3,3.99,4.1,Social_Media_Advertisement,5,50,PC
595.21,1085,27,3.2,3.28,2.9,Search_Engine,4,37,PC
659.26,1158,28,3.9,2.48,4.2,Other,4,44,PC
285.4,452,10,2.5,3.27,3.9,Search_Engine,5,65,Mobile
682.6,1047,23,3.8,4.44,4.2,Search_Engine,4,44,Mobile
802.1,1315,34,2.9,3.06,4.9,Search_Engine,3,51,Mobile
655.7,1230,29,4.3,4.34,3,Social_Media_Advertisement,4,36,PC
703.06,1043,25,2,3.62,4.4,Search_Engine,5,47,Mobile
561.78,582,14,2.7,2.53,3.2,Social_Media_Advertisement,4,34,PC
678.6,1195,27,3.1,4.12,5,Search_Engine,4,55,PC
747.91,1361,32,4.3,4.25,5,Search_Engine,4,51,Mobile
721.58,1406,32,3.1,2.89,3.9,Social_Media_Advertisement,4,52,Mobile
544.14,544,12,3.6,2.88,2.9,Social_Media_Advertisement,4,41,PC
518.6,604,12,1.7,2.84,4.2,Social_Media_Advertisement,4,39,Mobile
610.32,844,21,1.1,4.1,4.2,Social_Media_Advertisement,3,58,Mobile
502.74,683,15,3.5,4.13,3.1,Search_Engine,4,45,PC
332.35,430,11,3.5,2.67,3.9,Search_Engine,4,65,PC
677.9,1017,22,2.2,3.11,4.1,Social_Media_Advertisement,4,47,PC
613.28,860,19,3.9,2.98,4,Search_Engine,4,42,Mobile
708.65,1203,27,5,3.85,3.7,Search_Engine,4,37,PC
351.85,760,17,1.7,3.16,4,Search_Engine,4,66,Mobile
503.75,985,25,2.5,3.43,3.8,Search_Engine,4,64,PC
596.76,657,14,3.6,1.36,4.6,Search_Engine,5,41,Mobile
588.54,781,17,1.7,2.21,3.6,Search_Engine,4,44,Mobile
459.62,369,10,2.7,3.44,3.7,Search_Engine,5,51,PC
424.98,708,18,4.1,3.39,4.2,Social_Media_Advertisement,5,65,PC
457.68,260,8,1.5,2.55,4.2,Search_Engine,4,48,Mobile
726.02,1335,34,4.5,1.43,4.6,Social_Media_Advertisement,5,60,PC
693.42,1031,23,2.9,2.57,3.7,Friends_or_Family,4,49,Mobile
448.88,553,14,3.3,3.69,3.3,Friends_or_Family,4,58,Mobile
683,1087,26,4.3,3.56,4.3,Search_Engine,3,50,PC
606.06,802,23,2.4,2.51,4.7,Social_Media_Advertisement,4,49,PC
620.62,701,17,1.9,1.45,4.9,Social_Media_Advertisement,4,42,PC
601.84,865,21,3.1,3.14,3.6,Search_Engine,5,52,PC
626.62,876,20,3.7,3.04,4,Search_Engine,4,37,PC
266.19,905,21,3,3.9,3.7,Search_Engine,4,69,PC
548.78,504,12,4.5,2.05,3.9,Search_Engine,3,32,PC
543.72,1025,22,3.1,3.8,3.4,Friends_or_Family,4,60,PC
597.49,1050,25,3,1.34,3.9,Search_Engine,4,58,Mobile
617.32,878,20,4.2,3.25,4,Social_Media_Advertisement,3,44,Mobile
696.73,1256,28,3.2,2.56,4.5,Social_Media_Advertisement,4,40,Mobile
465.32,347,9,2.6,1.95,3.3,Search_Engine,4,33,PC
577.68,892,21,3.8,2.21,4.3,Search_Engine,4,32,PC
492.77,418,8,3.3,3.79,3.7,Social_Media_Advertisement,4,50,PC
578.66,1085,25,5.1,1.7,3.3,Friends_or_Family,4,59,Mobile
712.5,1185,28,4.8,4.15,3.7,Search_Engine,4,48,Mobile
623.2,828,20,2.2,2.69,4.4,Search_Engine,4,52,PC
631.55,1176,26,3.2,1.5,4.1,Search_Engine,5,30,Mobile
692.62,1124,26,3.4,2.04,4.5,Search_Engine,5,50,Mobile
773.02,1104,25,3.5,3.32,4.7,Search_Engine,5,41,PC
630.96,1136,28,3.5,2.57,2.8,Social_Media_Advertisement,4,43,PC
565.12,665,14,4.1,2.53,3.5,Search_Engine,4,44,PC
587.2,727,16,1.6,3.18,4,Social_Media_Advertisement,4,51,PC
602.9,586,15,2.9,2.97,4.4,Search_Engine,4,50,PC
421.18,577,14,1.8,3.31,4.4,Social_Media_Advertisement,5,63,PC
502.43,370,9,2.5,1.98,3.8,Social_Media_Advertisement,3,52,PC
482.92,486,12,2.1,3.52,3,Search_Engine,4,51,PC
599.16,732,19,3.6,1.89,3.3,Social_Media_Advertisement,4,43,PC
670.23,1022,26,3.4,3.89,3.8,Search_Engine,5,51,PC
452.08,781,16,4.3,2.97,3.8,Social_Media_Advertisement,4,27,Mobile
657.46,786,17,1.9,2.88,4.7,Friends_or_Family,4,47,PC
678.66,878,20,4.2,4.98,4.3,Search_Engine,4,48,PC
616.46,780,21,2,3.91,3.6,Search_Engine,4,45,Mobile
674.3,1090,26,3.7,3.88,3.1,Search_Engine,4,42,Mobile
583.58,460,15,3.4,2.67,5,Search_Engine,3,53,PC
464.36,661,17,4.5,2.99,3.9,Search_Engine,4,55,PC
529.15,712,18,3.6,2.8,3.3,Search_Engine,5,34,PC
400.92,252,6,2.5,2.29,4.1,Search_Engine,4,27,Mobile
607.96,661,19,2.7,1.9,4.1,Social_Media_Advertisement,5,34,PC
685.24,1020,21,4.4,3.02,4.9,Search_Engine,4,48,Mobile
792.82,1180,26,3.3,4.41,4.4,Search_Engine,4,43,PC
557.86,436,11,3.4,3.37,4.4,Search_Engine,4,47,PC
587.55,692,16,1,1.97,5,Friends_or_Family,4,32,Mobile
566.45,521,14,2.3,2.21,4.2,Search_Engine,5,37,PC
463.53,585,17,1.6,3.01,4,Search_Engine,5,34,PC
743.19,1236,31,4.1,2.96,4.6,Social_Media_Advertisement,3,38,Mobile
552.95,734,18,3.8,2.52,4.2,Search_Engine,3,55,PC
699.87,1320,30,1.4,3.61,4,Search_Engine,4,46,Mobile
505.22,587,13,2.1,3.26,3.3,Search_Engine,5,41,PC
658.55,870,20,3.9,2.98,3.5,Social_Media_Advertisement,4,47,PC
739.64,1334,32,1.9,2.98,4.1,Other,4,55,PC
560.1,763,18,3.2,2.73,3.8,Social_Media_Advertisement,4,32,Mobile
684.9,956,22,1,4.75,3.8,Search_Engine,4,43,PC
569.34,1122,27,3.7,2.88,3,Search_Engine,5,61,PC
564.36,652,15,3.1,1.65,3.3,Search_Engine,4,47,Mobile
547.02,416,12,2.8,4.19,3.9,Social_Media_Advertisement,3,40,PC
479.24,750,18,1.3,3.74,4.4,Social_Media_Advertisement,5,64,Mobile
578.01,751,17,4.3,3.6,4.1,Social_Media_Advertisement,3,38,PC
685.05,1283,29,3,3.23,3.6,Social_Media_Advertisement,4,32,PC
705.63,1151,28,1.2,1.61,4.9,Search_Engine,4,45,Mobile
593.3,867,19,2.3,3.07,4.1,Search_Engine,4,48,PC
632.64,870,21,3.8,1.48,3.8,Search_Engine,4,44,Mobile
603.72,1023,24,1,3.01,3.5,Search_Engine,4,34,Mobile
728.18,1184,27,4.1,2.4,3,Social_Media_Advertisement,4,47,PC
473.5,429,12,3.4,3.04,4.5,Social_Media_Advertisement,4,35,PC
682.98,1157,27,2.8,2.82,3.4,Search_Engine,5,50,Mobile
735.37,1357,29,3.9,2.81,4.4,Social_Media_Advertisement,4,58,Mobile
645.81,1148,28,4.7,2.04,3.4,Friends_or_Family,3,46,Mobile
615.61,729,16,4.4,3.29,3.6,Search_Engine,4,35,PC
784.04,1255,30,4.1,2.45,4.8,Social_Media_Advertisement,4,40,PC
685.23,1306,30,3.7,3.87,3.9,Friends_or_Family,4,37,PC
635.12,906,17,2.8,3.57,4.1,Social_Media_Advertisement,5,50,PC
675.32,942,21,4.2,1.8,3.2,Social_Media_Advertisement,4,50,PC
611.32,636,15,4.1,3.02,3.6,Search_Engine,4,46,Mobile
658.14,901,19,3,2.27,4.3,Social_Media_Advertisement,3,36,Mobile
655.78,964,24,2.1,2.23,4.1,Search_Engine,3,37,PC
324.03,881,22,3.7,3.05,4,Social_Media_Advertisement,4,71,PC
533.45,829,21,3.3,3.19,3.7,Friends_or_Family,3,59,PC
544.2,790,18,3.3,3.47,3.6,Search_Engine,4,56,PC
513.64,824,20,2.4,3.48,2.9,Search_Engine,4,37,PC
545.9,562,13,2.9,2.45,4,Search_Engine,4,39,PC
487.76,536,12,2,1.99,3.5,Social_Media_Advertisement,4,41,Mobile
707.12,1266,31,1.1,3.97,3.8,Search_Engine,4,32,PC
661.43,899,21,3,1.57,4.5,Search_Engine,4,34,PC
566.56,714,15,3.1,2.13,4.9,Social_Media_Advertisement,4,57,PC
655.98,1148,28,2.9,2.86,4.7,Search_Engine,3,55,PC
582.35,418,9,1.6,2.04,4.7,Search_Engine,5,46,PC
483.57,220,5,3.2,2.42,4.4,Social_Media_Advertisement,4,36,Mobile
717.51,1341,34,3.1,2.52,4.2,Search_Engine,4,61,PC
801.23,1409,33,2.6,3.65,3.6,Friends_or_Family,4,37,PC
245.35,770,19,3.6,4.43,4.8,Social_Media_Advertisement,4,74,PC
565.62,668,16,3.2,2.35,4.7,Social_Media_Advertisement,4,47,Mobile
617.12,782,20,3.3,3.06,4.5,Friends_or_Family,4,39,PC
565.77,654,16,2.4,2.76,2.5,Social_Media_Advertisement,3,47,PC
676.17,1330,32,2.7,1.02,4,Search_Engine,3,41,PC
603.51,624,16,2.4,3.48,4.3,Search_Engine,4,46,PC
630.74,891,21,4.3,1.45,3.5,Social_Media_Advertisement,4,38,PC
393.4,180,8,2.5,3.25,3.6,Social_Media_Advertisement,5,41,PC
645.38,655,16,4.1,1.7,3.8,Social_Media_Advertisement,4,42,Mobile
689.89,1094,26,2.1,1.83,4.2,Search_Engine,5,44,PC
436.29,376,12,4.5,1.8,4,Social_Media_Advertisement,3,39,Mobile
730.76,1106,25,5.2,4.31,4.2,Search_Engine,4,40,PC
601.99,969,24,2.4,3.31,4.2,Other,5,55,PC
639.47,991,23,3.6,1.68,3.9,Search_Engine,5,57,Mobile
600.18,763,19,3.7,4.18,4.4,Search_Engine,4,46,PC
699.43,1200,31,5.2,2.58,4.1,Social_Media_Advertisement,4,41,PC
483.78,370,7,2.8,3.86,4.4,Social_Media_Advertisement,5,50,PC
376.91,212,4,3.2,3.53,4.3,Search_Engine,4,59,PC
625.98,909,22,3.3,4.05,4.9,Social_Media_Advertisement,4,61,Mobile
638.04,750,20,4.5,3.04,4.5,Social_Media_Advertisement,4,51,PC
522.4,803,17,3.7,3.71,2.9,Social_Media_Advertisement,4,49,PC
639.68,659,15,3.1,3.07,4,Friends_or_Family,4,49,Mobile
726.54,1325,31,4.1,4.78,3.9,Search_Engine,4,54,Mobile
512.69,575,15,2.9,3.54,3.9,Social_Media_Advertisement,5,31,PC
469.41,401,10,2.9,3.65,4.5,Social_Media_Advertisement,5,51,PC
650.93,795,18,5.3,2.16,4.4,Search_Engine,5,41,Mobile
758.99,1518,34,3.5,2.48,4.4,Friends_or_Family,5,53,PC
613.88,1005,25,4.5,4.86,4.6,Social_Media_Advertisement,4,52,PC
556.18,807,20,3.5,2.24,3.4,Search_Engine,4,48,Mobile
703.96,1203,28,2.7,1.84,3.6,Social_Media_Advertisement,4,33,PC
663.71,738,19,1.9,3.03,4.9,Search_Engine,4,41,PC
689.38,979,23,3.5,2.24,4.9,Search_Engine,5,39,PC
695.73,1088,23,3,1.29,4.7,Search_Engine,4,37,PC
768.89,1305,30,3,2.27,4.9,Social_Media_Advertisement,3,54,PC
604.66,932,21,4.9,3.89,4,Search_Engine,4,30,PC
683.96,994,23,2.6,1.68,4.2,Social_Media_Advertisement,4,47,PC
424.21,316,6,3.6,2.76,3.5,Search_Engine,4,40,Mobile
742.64,1499,37,3.8,3.79,3.2,Social_Media_Advertisement,4,49,Mobile
511.13,742,18,3.4,4.15,3.5,Search_Engine,4,59,PC
655.44,1097,26,3.8,1.24,4.2,Search_Engine,4,31,PC
547.28,587,14,2.9,3.04,4.3,Search_Engine,4,44,PC
598.36,525,13,6.2,2.58,4.7,Search_Engine,5,49,PC
718.04,1224,26,3.3,4.81,4.3,Search_Engine,4,57,PC
550.28,599,18,4.5,2.78,3.9,Search_Engine,4,39,PC
661.22,1631,34,3,3.38,4,Search_Engine,4,61,PC
620.4,750,15,2.7,3.35,4.1,Search_Engine,4,42,Mobile
530.9,662,16,4,3.03,3,Search_Engine,4,34,PC
563.48,722,18,3.6,4.12,4.4,Search_Engine,4,35,PC
643.14,1050,27,2.7,4.14,3.7,Search_Engine,4,51,PC
679.94,835,19,2.5,1.66,3.2,Search_Engine,5,42,Mobile
653.8,705,16,2.9,3.67,4.8,Social_Media_Advertisement,3,40,PC
592.41,776,18,1.7,3.04,3.7,Search_Engine,4,47,PC
579.13,833,20,3.8,3.81,3.8,Search_Engine,4,49,Mobile
530.3,800,21,4,3.62,3.6,Search_Engine,4,52,PC
565.26,513,14,2,2.79,3.4,Social_Media_Advertisement,5,41,Mobile
607.87,909,23,3.9,2.19,3.1,Search_Engine,5,39,PC
599.92,904,21,3,4.15,4.1,Search_Engine,3,36,PC
507.65,382,8,4.3,2.19,3.4,Social_Media_Advertisement,5,54,PC
738.9,1474,34,2.2,4.21,3.5,Social_Media_Advertisement,4,47,PC
779.52,1163,26,3.8,2.98,4.4,Social_Media_Advertisement,4,47,PC
495.3,516,12,1.9,2.76,3.2,Social_Media_Advertisement,5,48,Mobile
806.02,1432,33,2.6,3.13,4.1,Social_Media_Advertisement,4,38,PC
491.42,395,10,3,1.6,4.2,Search_Engine,3,32,PC
680.82,921,21,2.9,4.12,3.8,Friends_or_Family,4,49,PC
653.38,917,21,3.8,3.68,4,Friends_or_Family,4,43,PC
611.34,944,22,4.1,3.12,4.2,Social_Media_Advertisement,4,45,PC
550.12,531,11,3.6,2.22,3.9,Search_Engine,3,47,PC
610.36,873,21,3.6,3.3,4.3,Search_Engine,3,49,PC
540.43,1119,27,1.8,2.7,4.2,Search_Engine,2,65,PC
550.42,503,13,2.7,1.1,3.9,Social_Media_Advertisement,4,57,PC
622.48,726,18,1.6,1.75,3.7,Social_Media_Advertisement,5,40,Mobile
591.75,1056,27,4.8,3.86,4.1,Search_Engine,4,54,Mobile
503.08,596,16,3.8,1.99,4.4,Social_Media_Advertisement,4,55,Mobile
556.58,631,15,2.7,2.99,4.3,Search_Engine,4,52,Mobile
704.04,1390,28,2.5,2.66,3.7,Search_Engine,3,50,PC
591.58,577,15,2.1,1.14,4.2,Search_Engine,4,41,PC
723.4,1182,28,2,3.01,4.4,Friends_or_Family,4,53,PC
424.7,500,9,1.4,4.52,3.5,Search_Engine,4,26,PC
659.16,1204,29,2.1,2.03,3.8,Search_Engine,4,57,PC
632.77,861,20,2.2,2.71,3.8,Search_Engine,4,49,Mobile
645.56,1007,26,2,4.42,4.2,Friends_or_Family,4,44,PC
623.3,986,20,3.8,3.19,4.5,Friends_or_Family,5,54,PC
654.36,1085,24,3.1,2.76,3.8,Search_Engine,4,44,PC
668.8,967,24,3.6,4.01,3.9,Social_Media_Advertisement,4,45,PC
741.06,1375,33,3.2,3.93,3.9,Search_Engine,4,52,PC
663.29,1257,27,1.4,1.36,3.6,Search_Engine,4,56,PC
640.98,688,16,2.3,2.53,4.8,Search_Engine,4,42,PC
661.24,899,20,2.4,2.8,3.6,Social_Media_Advertisement,4,37,PC
669.21,919,21,2.1,1.27,4.5,Search_Engine,3,48,PC
563.66,685,17,4.7,4.44,3.8,Search_Engine,4,52,PC
520.82,1011,22,2.2,2.22,3.2,Search_Engine,4,30,Mobile
631.86,1041,25,3.1,4.03,3.3,Search_Engine,4,51,PC
698.22,1321,29,3.5,1.55,3.6,Search_Engine,4,38,PC
592.07,872,19,3,3.63,3.5,Search_Engine,3,57,PC
335.08,199,6,2.6,2.84,3.6,Social_Media_Advertisement,5,26,PC
637.09,939,23,1.9,5.63,4.4,Social_Media_Advertisement,5,34,Mobile
356.85,263,5,3.2,2.5,4.3,Social_Media_Advertisement,3,62,PC
568.6,958,19,2.1,3.54,3.5,Search_Engine,3,61,Mobile
537.32,727,15,3.5,2.38,3.2,Social_Media_Advertisement,5,54,Mobile
554.21,600,16,1.4,2.95,3.4,Search_Engine,5,46,PC
606.08,696,16,2,2.99,4.3,Search_Engine,3,40,Mobile
589.72,921,22,3.1,3.04,4,Friends_or_Family,5,57,PC
664.82,988,24,2.7,3.51,2.9,Search_Engine,4,54,PC
509.82,616,16,3.1,2.49,3,Search_Engine,4,41,Mobile
650.8,1005,24,3,2.29,4.4,Search_Engine,4,49,PC
564.79,829,24,2.5,2.09,4.1,Search_Engine,3,56,PC
525.11,523,12,3.4,1.81,3.1,Search_Engine,3,32,PC
543.8,677,14,1.5,3.44,4.5,Social_Media_Advertisement,4,31,Mobile
669.37,1245,29,3.6,2.24,3.4,Search_Engine,4,51,Mobile
617.38,978,23,2.6,2.26,4.7,Social_Media_Advertisement,4,56,PC
695.61,1099,24,2.8,2.81,3.8,Search_Engine,2,51,PC
527.36,624,16,3.5,4.75,3.7,Search_Engine,4,45,PC
610.03,801,18,5.1,3.72,4,Search_Engine,4,43,Mobile
680.38,930,20,2.9,3.73,4.3,Search_Engine,5,50,PC
583.7,929,23,2.9,3.42,4.6,Social_Media_Advertisement,3,54,PC
649.85,844,18,3.1,1.36,3.8,Social_Media_Advertisement,4,44,PC
667.74,946,21,2.3,3.85,5,Social_Media_Advertisement,3,53,PC
511.07,676,16,2.8,3.48,3.8,Search_Engine,4,44,PC
695.4,1041,24,2.7,2.52,4.3,Social_Media_Advertisement,5,52,PC
614.86,900,21,3.7,2.31,4,Social_Media_Advertisement,3,32,PC
449.83,224,7,3.2,2.4,4,Social_Media_Advertisement,4,49,Mobile
593.92,787,19,2.3,2.28,4.4,Search_Engine,4,47,Mobile
568.72,829,19,4.4,3.17,3.1,Social_Media_Advertisement,4,53,PC
560.68,1002,24,1.8,3.15,3.3,Search_Engine,4,59,PC
564.1,574,13,3,1.73,4.4,Search_Engine,4,50,PC
653.72,967,21,3.8,2.54,3.7,Search_Engine,4,38,PC
596.98,647,18,3.9,3.67,4.5,Search_Engine,4,45,Mobile
468.6,287,6,1.2,3.92,3.9,Search_Engine,4,42,Mobile
546.52,811,18,1.9,5.85,3.9,Search_Engine,4,58,PC
503.58,585,13,4.2,3.31,4.5,Search_Engine,4,38,Mobile
689.9,1161,26,4,4.42,3.1,Search_Engine,4,45,PC
709.42,1028,25,3.6,2.9,4.1,Search_Engine,5,50,Mobile
761.83,1259,29,3.3,4.17,4,Social_Media_Advertisement,4,40,Mobile
557.99,853,20,3.5,2.32,4.3,Search_Engine,4,28,Mobile
621.42,834,19,4.5,3.44,4.3,Social_Media_Advertisement,4,42,Mobile
586.44,830,20,2.4,4.07,3,Search_Engine,4,40,PC
416.52,553,13,3.6,2.93,3.8,Search_Engine,4,60,PC
718.75,1060,23,2.3,1.71,4,Search_Engine,4,50,PC
674.95,1046,25,4,2.48,4.5,Search_Engine,4,39,PC
505.96,767,18,2.6,3.43,3.7,Friends_or_Family,4,61,Mobile
649.62,1031,22,3.1,3.16,4,Search_Engine,4,52,PC
502.43,593,13,2.6,4.1,3.4,Social_Media_Advertisement,3,53,Mobile
591.8,611,15,3.5,1.59,4.6,Search_Engine,5,53,PC
510,684,16,3.7,1.69,3.5,Social_Media_Advertisement,4,44,PC
630.89,969,26,3.1,2.54,4,Friends_or_Family,3,54,PC
494.14,742,17,4.1,3.6,4.3,Search_Engine,4,61,PC
772.61,1364,30,2.6,2.41,3.7,Search_Engine,4,42,PC
623.63,616,16,4,4.13,4.8,Social_Media_Advertisement,4,29,Mobile
765.45,1296,32,3.2,2.42,3.4,Social_Media_Advertisement,4,39,Mobile
618.34,801,18,6.7,5.65,3.5,Search_Engine,4,42,PC
583.17,638,14,3.3,5.93,3.8,Search_Engine,4,36,PC
540.3,436,12,2.9,3.09,4.9,Friends_or_Family,4,36,PC
732.16,1179,27,4.7,3.17,4.4,Social_Media_Advertisement,5,38,PC
428.18,622,18,2.8,4.29,4.1,Friends_or_Family,4,21,PC
739.74,1314,30,2.9,2.8,3.2,Social_Media_Advertisement,5,45,PC
727.42,1317,28,4.2,2.65,4.2,Search_Engine,3,47,PC
538.4,629,14,4.9,2.81,4,Search_Engine,4,54,PC
645.9,1046,26,1.5,4.2,3,Social_Media_Advertisement,4,42,PC
667.3,913,21,2.7,2.95,4.7,Search_Engine,4,44,PC
505.1,454,13,3,3.01,3.5,Search_Engine,4,33,PC
713,1191,28,4.4,4.2,4.3,Search_Engine,3,39,Mobile
620.02,1090,26,2.9,3.7,4.4,Search_Engine,4,57,PC
544.48,704,18,1.5,2.87,3.5,Search_Engine,4,53,Mobile
630.92,954,21,3.6,4.12,4.1,Friends_or_Family,4,37,Mobile
599.6,1263,31,2,3.74,3.6,Social_Media_Advertisement,4,62,PC
557.92,377,8,3.8,2.01,4.6,Search_Engine,4,40,Mobile
651.52,1066,25,2.8,1.17,4.3,Search_Engine,3,52,PC
854.86,1693,37,3.3,4.05,4.1,Search_Engine,5,42,PC
631.98,1033,25,2.5,3.94,3.6,Search_Engine,4,41,PC
474.7,650,19,2.2,3.91,4,Social_Media_Advertisement,3,30,Mobile
776.62,1454,37,4.2,1.15,4.4,Search_Engine,4,39,PC
586.74,786,21,2.5,3.46,4.3,Social_Media_Advertisement,3,36,PC
504.34,645,15,1.5,4.58,3.6,Social_Media_Advertisement,5,27,PC
473.6,590,13,1.9,3.4,4.1,Social_Media_Advertisement,4,30,Mobile
574.18,911,21,5.2,2.34,3.7,Social_Media_Advertisement,3,58,PC
727.28,998,24,2.2,4.05,4.6,Search_Engine,5,49,PC
542.18,722,20,2.6,3.77,4.4,Social_Media_Advertisement,4,56,PC
456.82,635,17,3.6,1.39,3.9,Search_Engine,4,28,Mobile
551.95,912,24,3.7,3.19,3.8,Social_Media_Advertisement,3,32,PC
689.72,1288,31,3.6,4,4.1,Search_Engine,4,56,PC
687.99,1206,28,2,2.2,4.1,Friends_or_Family,4,54,Mobile
682.57,1058,25,3.2,1.72,3.8,Social_Media_Advertisement,3,38,PC
695.78,1207,24,1,2.83,2.9,Search_Engine,3,47,Mobile
787.69,1374,33,3.7,1.27,4.7,Social_Media_Advertisement,4,42,Mobile
689.16,880,22,4.5,2.83,4.6,Search_Engine,4,51,PC
525.95,947,22,2.4,4.74,3.6,Search_Engine,4,38,PC
668.2,1415,31,2.7,4.75,4.1,Search_Engine,5,66,PC
599.53,800,18,2.7,1.92,4.2,Social_Media_Advertisement,4,36,Mobile
637.69,1255,27,3.6,2.21,3.4,Search_Engine,4,32,Mobile
791.9,1372,29,3.4,1.24,3.5,Search_Engine,4,47,PC
511.85,496,13,3.5,3.08,4.1,Search_Engine,3,42,PC
599.43,825,21,3.6,2.15,4.3,Search_Engine,4,53,PC
710.86,940,21,3.2,3.58,4.6,Social_Media_Advertisement,4,45,PC
788.18,1466,33,2.9,3.33,4.1,Search_Engine,4,38,PC
695.87,1186,26,3.2,3.52,4.1,Other,4,43,PC
622.89,760,18,5.3,4.67,3.7,Other,4,40,PC
613.2,958,22,2.2,2.97,4.2,Social_Media_Advertisement,4,46,PC
477.95,945,23,2.3,2.52,4.5,Search_Engine,4,64,PC
759.96,1351,30,2.6,3.06,3.8,Search_Engine,3,45,PC
454.52,645,17,2.7,4.93,4,Search_Engine,3,53,PC
608.98,852,18,2.8,2.72,4.3,Social_Media_Advertisement,4,44,PC
515.86,436,11,4.1,3.35,4.4,Friends_or_Family,3,50,PC
491.4,460,12,1.8,3.44,4.2,Social_Media_Advertisement,4,45,PC
580.98,1030,23,2,1.49,3.2,Search_Engine,4,51,Mobile
562.09,689,16,1.3,2.68,4.1,Social_Media_Advertisement,3,50,PC
569.2,760,17,2.6,3.03,3.5,Search_Engine,4,49,Mobile
632.12,719,16,2.7,3.71,3.6,Social_Media_Advertisement,4,39,PC
805.94,1414,32,3.7,3.7,4.4,Social_Media_Advertisement,4,56,PC
601.76,1017,26,2.3,3.25,3.8,Search_Engine,5,34,PC
645.63,1006,23,3.6,3.33,3.5,Search_Engine,3,52,Mobile
605.43,928,24,4,3.06,4.4,Search_Engine,4,57,Mobile
680.9,1147,25,3.6,3.49,4.4,Social_Media_Advertisement,4,37,PC
678.82,954,22,2.7,3.84,3.6,Social_Media_Advertisement,4,36,Mobile
587.9,514,14,2.8,4.86,3.7,Search_Engine,4,42,PC
645.04,899,23,4.9,4.09,4.5,Social_Media_Advertisement,4,51,PC
694.56,1210,28,4.4,2.93,4.7,Friends_or_Family,4,40,PC
595.07,823,20,4.1,2.58,4.4,Search_Engine,5,34,PC
624.33,988,24,3.5,2.11,4.5,Search_Engine,5,52,PC
647.5,852,19,2.8,3.11,4.1,Search_Engine,4,43,Mobile
675.61,1028,22,1.8,2.35,4.5,Search_Engine,4,56,PC
568.93,872,22,3.9,4.08,3.9,Search_Engine,4,49,Mobile
581.58,646,17,3.6,4.18,4.2,Search_Engine,5,50,Mobile
581.91,668,15,3.1,4.22,5,Social_Media_Advertisement,3,37,PC
697.28,1280,28,3.3,3.66,3.7,Search_Engine,4,36,Mobile
525.82,716,20,3.7,3.81,4.5,Search_Engine,4,36,Mobile
680.65,1216,28,3.3,4.18,3.8,Search_Engine,4,39,PC
740.38,1098,26,2.3,2.56,4.6,Search_Engine,3,49,PC
630.28,807,19,3.3,3.24,3.8,Search_Engine,4,46,Mobile
443.4,180,2,1.9,1.7,4.2,Search_Engine,4,54,PC
673.62,929,21,1.6,3.04,4.1,Search_Engine,4,48,PC
395.14,280,6,5.7,2.95,3.9,Search_Engine,4,30,PC
536.21,899,22,3.4,3.86,4.3,Search_Engine,4,61,PC
627.81,786,16,2.7,3.46,4.1,Social_Media_Advertisement,5,48,PC
471.36,440,11,2.9,2.86,4,Social_Media_Advertisement,3,47,Mobile
714.47,1072,23,3,4.51,3.5,Social_Media_Advertisement,4,49,PC
693.87,1047,24,1.7,4.78,3.4,Social_Media_Advertisement,4,43,Mobile
531.42,505,12,5.3,2.7,5,Social_Media_Advertisement,3,38,PC
671.56,1230,32,3.3,2.77,3.5,Search_Engine,4,44,Mobile
547.89,758,19,4.7,2.64,4.2,Search_Engine,5,28,Mobile
588.4,709,17,1.5,1.36,4.1,Search_Engine,4,39,Mobile
607.14,1025,24,4.2,3.13,3.8,Friends_or_Family,3,42,Mobile
436.65,517,12,1.5,3.94,4.4,Social_Media_Advertisement,3,28,Mobile
495.2,395,10,3.3,3.03,4.9,Search_Engine,4,30,PC
468.82,180,6,2.1,3.58,3.8,Search_Engine,4,43,PC
593.24,890,18,3.7,1.78,3.3,Search_Engine,4,44,Mobile
663.88,860,23,2.8,2.1,4.2,Social_Media_Advertisement,4,43,Mobile
539.07,651,17,3.7,3.48,4.4,Social_Media_Advertisement,4,35,PC
594.96,696,17,4.7,3.52,4.2,Search_Engine,4,39,PC
479.39,760,20,3.7,3.19,3,Friends_or_Family,4,55,Mobile
660.44,811,19,3.8,1.77,4,Social_Media_Advertisement,4,39,PC
643.54,877,20,3.7,1.25,4.3,Search_Engine,4,46,PC
581.07,602,13,2.4,4.04,4.2,Search_Engine,4,50,PC
639.41,707,15,1.6,1.08,4.7,Search_Engine,5,38,PC
598.05,981,24,1.4,2.17,3.8,Search_Engine,3,49,Mobile
546.42,584,12,1.8,3.37,4.1,Search_Engine,5,50,PC
792.44,1312,32,2,3.38,4.3,Search_Engine,4,40,Mobile
701.92,1246,31,2.8,3.42,4.3,Social_Media_Advertisement,4,44,PC
706.22,767,21,1.9,3.77,4.5,Social_Media_Advertisement,5,37,PC
545.64,654,15,4.4,4.45,3.9,Social_Media_Advertisement,4,40,PC
518.03,631,17,2.9,3.99,3.8,Social_Media_Advertisement,4,33,PC
672.16,1000,22,2.1,2.41,4.2,Search_Engine,4,44,PC
480.6,641,17,1.4,5.8,4,Search_Engine,4,26,PC
553.36,599,12,3.7,1.26,4.9,Search_Engine,4,51,PC
571.8,536,12,2.5,2.93,4.2,Search_Engine,3,36,Mobile
686.76,773,21,3.4,3.46,4.9,Social_Media_Advertisement,4,41,Mobile
666.46,1083,27,1.4,1.92,4,Social_Media_Advertisement,4,48,PC
671.32,997,22,4.9,2.74,4.3,Social_Media_Advertisement,3,42,PC
633.84,964,26,2,2.58,4.6,Social_Media_Advertisement,4,54,PC
661.72,1097,27,2.7,4.18,3.9,Search_Engine,4,52,Mobile
708.57,1384,34,1.7,4.03,3.7,Search_Engine,4,47,PC
677.96,1039,24,3.9,2.48,4,Social_Media_Advertisement,4,53,PC
582.58,1007,24,1.8,2.6,4.1,Search_Engine,4,55,Mobile
711.44,1046,24,2.1,3.14,4.4,Social_Media_Advertisement,4,41,PC
523.16,1137,27,2.8,1.11,3.3,Search_Engine,5,62,PC
585.35,988,23,2.9,2.63,3.9,Search_Engine,4,31,PC
628.08,1169,28,4,1.91,4.7,Search_Engine,4,28,PC
515.9,258,6,2.8,2.77,4.5,Search_Engine,4,41,PC
510.6,602,14,3.6,3.35,4.9,Social_Media_Advertisement,4,60,Mobile
644.51,1162,27,2.8,1.14,4.4,Search_Engine,4,50,PC
546.96,566,14,2.3,2.8,4.3,Social_Media_Advertisement,4,40,PC
645.64,1110,23,3.3,3.63,3.7,Search_Engine,4,48,PC
718.14,1134,25,2.8,2.52,5,Social_Media_Advertisement,5,39,PC
490.42,941,24,3.3,3.2,3.4,Search_Engine,4,25,PC
525.26,666,17,5.4,3.11,4.6,Social_Media_Advertisement,4,29,PC
697.93,911,19,3.4,3.75,4.9,Search_Engine,4,38,PC
680.96,993,23,3.5,1.07,3.7,Social_Media_Advertisement,3,44,PC
487.88,528,13,2.8,1.29,3.8,Search_Engine,4,49,PC
596.72,895,22,2.4,3.13,4.3,Search_Engine,5,30,PC
566.69,611,15,3.7,2.21,3.7,Search_Engine,4,48,PC
575,834,21,3.9,4.16,3.6,Social_Media_Advertisement,4,38,Mobile
609.5,1074,25,3,1.36,3.7,Search_Engine,3,47,Mobile
552.07,734,19,1.9,2.38,3.5,Social_Media_Advertisement,4,54,PC
698.46,1222,31,5,2.18,4.1,Search_Engine,4,53,PC
503.48,628,14,2.4,2.61,3.7,Search_Engine,5,46,PC
577.92,663,13,3.9,3.72,3.4,Search_Engine,4,53,PC
756.54,1206,29,2.2,2.72,4.8,Social_Media_Advertisement,5,38,PC
604.3,759,17,2.5,4.86,3.4,Social_Media_Advertisement,4,50,PC
714.21,1400,32,4.5,2.98,4,Search_Engine,4,38,Mobile
651.16,1063,21,4.4,1.64,4,Friends_or_Family,4,57,PC
548.94,354,9,1.4,1.2,3.5,Social_Media_Advertisement,4,46,PC
561.26,479,10,5.2,2.82,4.7,Social_Media_Advertisement,4,42,PC
683.13,1125,23,4.2,4.11,4.2,Social_Media_Advertisement,4,52,PC
557.16,702,14,2.2,3.66,4.5,Other,4,40,PC
658.15,700,15,5,3.06,4,Search_Engine,4,46,Mobile
535.14,554,9,2.2,3.71,4,Search_Engine,4,46,PC
439.12,768,20,2.7,1.99,3.7,Social_Media_Advertisement,4,64,Mobile
611.41,794,19,2.9,3.69,4.6,Social_Media_Advertisement,4,34,PC
697.2,1113,26,3.3,3.33,4.2,Search_Engine,4,36,PC
649.64,905,23,1.9,3.12,4.1,Search_Engine,4,33,PC
508.36,659,16,2.5,3.32,3.6,Social_Media_Advertisement,5,57,PC
661.16,1042,26,2.3,2.89,3.7,Search_Engine,3,43,Mobile
634.41,844,19,2.5,3.38,4.4,Friends_or_Family,4,40,PC
660.9,1201,27,3.6,1.46,4.9,Other,4,29,Mobile
571.32,967,21,3.5,1.79,3.7,Search_Engine,4,53,PC
521.22,439,9,3.6,3.61,4.6,Social_Media_Advertisement,4,43,Mobile
525.71,1209,30,2.7,1.01,3.4,Social_Media_Advertisement,4,22,PC
585.16,807,19,2.9,1.78,4.5,Search_Engine,5,58,PC
667.76,1071,23,3.8,4.09,4,Search_Engine,3,53,PC
604.04,847,21,5.5,3.89,3.5,Search_Engine,5,39,Mobile
499.84,554,13,2.4,2.39,3.4,Search_Engine,4,40,PC
554.26,511,14,4,3.12,3.6,Search_Engine,4,48,PC
601.7,645,13,4.2,3.89,3.8,Search_Engine,4,47,PC
533.96,681,17,2.5,1.58,3.8,Search_Engine,4,55,Mobile
571.72,480,10,2.1,1.99,4.1,Search_Engine,4,52,PC
754.43,1246,29,2.1,1.36,3.2,Social_Media_Advertisement,4,46,PC
488.95,840,18,3.9,3.08,4.1,Search_Engine,4,58,PC
756.78,972,23,3.2,2.16,4.4,Social_Media_Advertisement,4,45,Mobile
399.18,279,6,2.8,3.32,3.8,Search_Engine,3,33,PC
614.96,665,19,4.6,3.26,4.2,Search_Engine,4,46,PC
657.9,759,18,2.4,3.62,4,Social_Media_Advertisement,5,52,PC
606.23,772,18,2.1,2.66,4.1,Friends_or_Family,4,50,PC
720.23,1377,33,3.5,2.93,4.2,Search_Engine,4,45,Mobile
662.98,971,24,2.1,2.82,3.8,Search_Engine,4,46,PC
853.96,1615,38,1.9,3.19,4,Search_Engine,5,44,PC
601.94,1132,27,4.3,2.38,3.3,Social_Media_Advertisement,5,29,PC
594.15,913,21,2.8,3.41,4.8,Search_Engine,4,29,PC
500.48,441,11,2.7,1.43,3.3,Search_Engine,5,40,Mobile
708.3,1202,29,4,4.25,3.5,Search_Engine,4,39,PC
651.13,828,16,1.7,3.13,3.9,Social_Media_Advertisement,4,40,Mobile
475.2,412,12,4,2.9,3.9,Search_Engine,4,34,Mobile
624.16,894,19,4.1,2.52,3.2,Social_Media_Advertisement,4,39,PC
565.5,779,17,2.9,4.06,3.4,Social_Media_Advertisement,3,41,PC
577.88,665,17,4,3.06,4.4,Search_Engine,5,46,PC
521.83,439,13,2.9,2.59,3.9,Social_Media_Advertisement,4,40,PC
724.82,1192,25,3.3,3.88,4.4,Social_Media_Advertisement,4,41,Mobile
551.06,513,12,3.3,1.36,4.7,Search_Engine,3,49,PC
756.16,1187,27,4,2.13,4.1,Friends_or_Family,4,50,PC
548.27,365,7,4.9,4.08,3.8,Social_Media_Advertisement,5,44,PC
737.93,1245,29,2.6,3.26,4.3,Search_Engine,4,44,PC
566.09,619,15,2.9,4.12,4,Search_Engine,5,50,PC
566.79,942,20,3.5,3.17,3.5,Search_Engine,4,36,PC
750.06,997,24,4.5,1.5,4.6,Search_Engine,4,48,Mobile
625.41,1081,24,2.6,3.84,4.6,Social_Media_Advertisement,4,33,PC
392.82,211,7,4.1,2.63,4,Search_Engine,4,37,PC
607.06,697,18,1.8,4.86,3.8,Search_Engine,4,48,Mobile
635.47,1432,35,2.4,3.99,3.7,Social_Media_Advertisement,3,36,PC
591.7,670,16,4,3.3,4.7,Search_Engine,4,55,PC
543.2,766,19,1.3,3.19,3.6,Social_Media_Advertisement,5,57,Mobile
484.78,408,11,2.6,2,3.7,Search_Engine,4,52,PC
615.52,834,21,3.4,1.95,4,Social_Media_Advertisement,4,44,PC
374.7,697,19,4,1.07,4.6,Social_Media_Advertisement,4,20,PC
725.64,955,22,3.3,3.06,4.2,Social_Media_Advertisement,4,45,PC
708.34,797,20,2.2,3.85,4,Friends_or_Family,4,49,PC
530.88,731,17,3.2,3.92,3.4,Search_Engine,5,36,PC
550.62,871,19,2.2,2.43,3.6,Social_Media_Advertisement,4,52,PC
570.64,1173,27,3,6.28,3.5,Search_Engine,4,64,Mobile
777.64,1368,32,3.6,1.16,5,Social_Media_Advertisement,3,38,PC
502.14,830,20,2,3.28,3.6,Search_Engine,4,57,Mobile
613.7,871,20,1.5,2.7,3.8,Search_Engine,4,43,Mobile
624.53,782,19,2.3,3.51,3.6,Search_Engine,4,43,PC
510.74,511,11,2.6,2.98,3.8,Social_Media_Advertisement,3,51,PC
553.65,953,23,2.7,5.07,4.9,Search_Engine,3,56,PC
587.93,814,19,2,1.01,4.1,Search_Engine,4,47,PC
486.04,522,15,2.7,3.25,4.2,Social_Media_Advertisement,4,57,Mobile
663.82,987,22,2.7,1.97,4.1,Search_Engine,4,53,PC
720.86,1439,31,2.1,2.87,4.6,Search_Engine,5,59,PC
544.24,719,17,5.3,2.39,4,Social_Media_Advertisement,3,49,Mobile
663.53,813,20,1.7,3.1,4,Friends_or_Family,3,52,PC
629.93,1015,23,4.2,4.19,3.9,Social_Media_Advertisement,4,50,Mobile
615.43,879,20,3.9,4.52,3.7,Search_Engine,4,45,PC
476.31,388,9,3.9,4.12,3.8,Search_Engine,5,36,Mobile
794,1483,33,3,4.74,4.1,Social_Media_Advertisement,4,48,PC
498.47,545,12,3.7,3.1,3.9,Search_Engine,4,56,Mobile
693.77,1219,27,2,1.51,4.2,Search_Engine,3,51,Mobile
638.1,1112,23,4.7,3.21,4.7,Search_Engine,4,33,PC
553.88,916,22,5.1,3.06,4,Search_Engine,4,54,PC
587.58,654,17,1.8,1.79,3.9,Search_Engine,4,50,PC
618.48,717,17,2.8,4.22,4.3,Search_Engine,5,56,Mobile
622.52,873,17,5.2,5.82,4.3,Search_Engine,4,36,PC
518.12,1148,25,2.5,2.76,3.2,Social_Media_Advertisement,4,26,PC
555.34,1174,26,1.8,2.84,3.6,Social_Media_Advertisement,3,57,Mobile
642.58,1003,24,2.1,2.02,3.6,Friends_or_Family,3,53,PC
722.93,1105,26,1,3.25,4.4,Search_Engine,4,45,Mobile
487.14,623,13,3.3,2.63,4.4,Search_Engine,4,32,Mobile
613.04,831,17,3.6,2.29,3.1,Search_Engine,4,43,PC
760.75,1310,31,1.1,3.32,3.8,Social_Media_Advertisement,4,46,PC
628.28,854,23,2.6,3.28,4.3,Search_Engine,3,41,PC
529.16,1005,22,1.7,2.86,3.7,Social_Media_Advertisement,3,25,PC
695.4,1061,26,4.1,2.21,4.4,Friends_or_Family,3,52,PC
618.56,788,20,2.7,2.42,4.8,Search_Engine,4,31,PC
723.46,1346,32,2.2,3.65,3.8,Search_Engine,4,50,Mobile
573.48,822,17,3.5,1.66,3.6,Social_Media_Advertisement,4,38,Mobile
672.44,995,25,2.8,2.04,4.1,Search_Engine,4,45,PC
476.53,442,10,3.9,2,3.7,Friends_or_Family,4,33,PC
490.7,321,6,4,1.85,3.9,Search_Engine,4,43,PC
602.11,871,20,2.9,3.79,4.2,Social_Media_Advertisement,4,33,PC
758.68,1408,35,4.5,4.41,3.6,Search_Engine,5,49,PC
763.84,1448,31,4,2.74,3.5,Social_Media_Advertisement,4,35,PC
545.48,742,19,3.2,2.99,3.9,Social_Media_Advertisement,4,51,Mobile
668.9,1187,29,3.2,2.14,4.2,Search_Engine,4,36,PC
622.94,1029,27,3.5,1.5,4.4,Social_Media_Advertisement,4,29,PC
699.82,1178,27,3.4,2.72,4.9,Social_Media_Advertisement,4,49,PC
617.52,983,24,2.8,3.62,4.2,Social_Media_Advertisement,4,35,PC
468.6,321,9,2.9,1.21,4.5,Social_Media_Advertisement,4,47,PC
744.88,1180,26,3.9,3.43,4.3,Social_Media_Advertisement,5,42,PC
439.36,516,15,2.6,1.61,3.8,Search_Engine,4,35,PC
668.12,628,13,3.2,3.56,4.9,Social_Media_Advertisement,4,44,PC
596.6,955,22,2,2.14,3.8,Search_Engine,3,38,PC
648.76,1089,26,3.2,3.48,3.1,Friends_or_Family,5,37,Mobile
572.59,857,19,4.7,2.03,4.3,Search_Engine,4,40,PC
497.02,625,14,2.6,1.82,3.9,Search_Engine,4,30,PC
413.22,438,9,4.5,3.42,3.8,Search_Engine,3,63,PC
574.71,358,10,3.8,2.58,4.8,Friends_or_Family,4,46,PC
678.82,1124,26,4.1,2.24,4,Social_Media_Advertisement,4,43,PC
558.24,859,21,4.3,2.4,3.7,Search_Engine,4,52,Mobile
488.1,538,12,3.6,2.94,3.5,Search_Engine,3,34,PC
602.14,711,14,3.5,2.32,3.3,Search_Engine,4,45,PC
424.98,895,23,2.8,2.45,4.6,Search_Engine,3,65,PC
532.36,736,17,1.9,3.02,4.4,Search_Engine,4,39,Mobile
514.62,517,13,1.9,3.44,3.8,Search_Engine,5,49,PC
563.64,882,22,3.7,2.42,3.8,Social_Media_Advertisement,4,30,PC
702.3,1432,35,2.6,2.26,3.7,Search_Engine,5,55,PC
656.64,807,19,1.7,3.03,4.7,Social_Media_Advertisement,4,41,PC
557.57,730,19,3.3,4.35,3.9,Search_Engine,3,48,Mobile
617.89,940,24,1.5,4.13,4.2,Social_Media_Advertisement,5,50,PC
687.34,982,22,3.3,5.03,4.2,Social_Media_Advertisement,3,52,PC
561.29,713,17,3,2.7,4.3,Search_Engine,4,56,PC
655.52,934,21,2.7,2.11,3.6,Search_Engine,4,43,PC
717.44,1139,27,4,3.71,4.5,Search_Engine,4,53,PC
469.57,579,16,3.6,2.05,4.2,Search_Engine,3,28,Mobile
583.34,781,19,3.9,3.42,4.1,Search_Engine,4,52,Mobile
623.46,1172,28,2,2.3,3.7,Search_Engine,3,34,PC
479.47,319,8,3.8,3.68,4.4,Search_Engine,4,40,PC
414.56,476,9,3.3,3.47,3.7,Search_Engine,4,63,PC
562.58,468,10,3.9,4.28,4.4,Social_Media_Advertisement,4,45,PC
598.55,770,19,2.3,2.83,4.2,Social_Media_Advertisement,4,30,PC
475.6,644,17,2.4,1.81,4.3,Search_Engine,5,28,PC
613.5,484,12,2.8,3.46,4.9,Social_Media_Advertisement,4,43,PC
601.96,802,18,2.6,2.34,3.8,Friends_or_Family,3,37,PC
610.54,825,19,2.3,2.99,4.4,Social_Media_Advertisement,3,50,PC
642.37,781,15,2.6,1.36,4.3,Social_Media_Advertisement,4,48,PC
564.6,654,16,3.5,4.25,3.9,Search_Engine,2,50,PC
532.15,391,10,3.7,2.29,4.9,Search_Engine,4,46,PC
515.33,657,16,4.2,3.41,4.1,Social_Media_Advertisement,4,46,Mobile
608.86,456,10,3.4,3.72,3.7,Social_Media_Advertisement,4,43,PC
723.2,1181,25,1.3,3.74,4.7,Social_Media_Advertisement,4,53,Mobile
599.89,689,14,2.1,1.8,4.4,Social_Media_Advertisement,3,41,PC
539.86,1017,22,3.7,3.6,3.9,Search_Engine,4,64,PC
589.62,935,22,5.3,4.55,4,Search_Engine,4,41,Mobile
559.41,483,11,3.6,3.39,4.9,Other,3,51,PC
212.59,386,10,2.2,2.76,3.8,Search_Engine,4,18,Mobile
582.42,918,25,2.2,3.98,4.9,Search_Engine,5,58,PC
617.59,1072,27,4,1.96,3,Social_Media_Advertisement,3,33,PC
591.43,621,16,2.8,2.81,4.3,Social_Media_Advertisement,4,37,Mobile
627.88,908,20,3.2,3.51,4,Search_Engine,4,41,PC
534.08,564,12,1.5,2.86,3.9,Friends_or_Family,4,53,PC
474.71,1010,26,3.5,1.36,4.4,Search_Engine,5,21,PC
507.44,507,12,2.4,3.8,3.7,Search_Engine,3,42,PC
561.31,613,13,1.9,2.91,3.7,Search_Engine,4,50,Mobile
688.67,1001,24,1.9,1.85,4.7,Social_Media_Advertisement,5,34,PC
542.82,843,22,4,3.08,3.8,Search_Engine,4,59,PC
586.63,781,18,3.1,1.71,3.8,Social_Media_Advertisement,4,51,PC
693.2,852,22,4.8,4.3,4.2,Social_Media_Advertisement,4,44,Mobile
599.28,885,21,1.4,4.12,3.7,Search_Engine,4,48,Mobile
648.82,1059,25,3.9,3.62,3.8,Search_Engine,5,55,PC
583.67,743,17,2.9,2.49,3.4,Search_Engine,4,47,PC
616.7,620,13,1.3,4.54,4.5,Friends_or_Family,4,47,Mobile
686.88,1049,25,2.8,2.15,4.6,Search_Engine,4,35,PC
598.9,748,17,2.8,1.52,4.4,Social_Media_Advertisement,4,35,PC
772.25,1269,27,2.4,1.36,3.6,Social_Media_Advertisement,5,41,PC
616.25,1035,25,3,4.66,3.8,Search_Engine,4,40,Mobile
674.7,784,19,3.8,3.41,4.1,Social_Media_Advertisement,4,50,PC
524.18,587,14,3.3,5.16,3.4,Search_Engine,4,43,PC
433.68,248,8,4.1,1.65,3.8,Social_Media_Advertisement,5,30,PC
601.71,707,18,3.6,2.75,3.7,Search_Engine,5,51,PC
619.28,622,15,1.8,2.38,3.8,Search_Engine,4,42,Mobile
610.4,851,19,4.1,2.87,4.7,Social_Media_Advertisement,4,42,Mobile
568.38,874,20,3.3,3.13,3.2,Social_Media_Advertisement,4,55,PC
621.18,915,23,3.3,3.85,4.9,Search_Engine,5,33,PC
520.88,427,9,4.8,3.55,4.1,Search_Engine,3,46,PC
722.04,1217,29,3.8,5.38,4.9,Social_Media_Advertisement,3,51,Mobile
539.57,523,12,4.5,2.08,4.4,Social_Media_Advertisement,4,32,Mobile
650.45,688,16,3.6,2.03,4.6,Search_Engine,5,53,PC
707.37,1214,32,2.5,2.32,3.6,Search_Engine,4,42,PC
413.24,737,18,2.9,2.7,4,Social_Media_Advertisement,4,66,PC
632.02,907,22,1.9,2.7,4.2,Friends_or_Family,3,52,Mobile
597.64,576,14,3.6,4.12,4.5,Search_Engine,4,50,PC
550.17,528,16,2.4,1.32,3.7,Search_Engine,4,48,PC
495.82,855,20,4.6,2.61,3.9,Search_Engine,4,61,PC
657.28,930,21,2.8,4.22,4.8,Search_Engine,4,57,PC
775.76,1448,36,3.8,3.18,3.5,Search_Engine,4,45,PC
501.19,639,16,2.2,3.16,3,Search_Engine,4,49,Mobile
648.2,819,21,2.5,2.8,3.5,Search_Engine,4,50,PC
648.92,1162,28,3.3,3.75,3.4,Search_Engine,4,45,PC
279.52,619,14,4.2,2.7,4.1,Search_Engine,4,71,PC
519.44,421,10,1.5,3.51,3.9,Search_Engine,4,47,Mobile
704.16,1194,28,1.5,4.75,4.5,Search_Engine,4,29,Mobile
657.68,812,20,2,2.38,3.3,Search_Engine,4,43,PC
580.22,416,10,4.3,3.03,3.8,Social_Media_Advertisement,4,46,Mobile
583.15,734,18,1.8,1.78,3.8,Search_Engine,4,49,PC
480.07,475,10,2.4,5.02,3.6,Social_Media_Advertisement,4,56,PC
537.52,1191,27,4.3,2.35,4.7,Search_Engine,4,21,PC
582.39,858,19,3.3,1.88,3.6,Friends_or_Family,4,44,Mobile
697.38,1021,25,1.5,2.01,3.4,Search_Engine,4,37,PC
562.88,754,19,1.4,2.77,3.6,Social_Media_Advertisement,3,38,PC
424.46,665,15,4.8,2.9,4,Search_Engine,4,63,Mobile
606.46,668,17,2.6,2.7,5,Search_Engine,4,36,PC
584.04,779,21,3.6,4.01,3.3,Social_Media_Advertisement,4,37,PC
505.28,547,11,4.9,3.95,4.3,Search_Engine,5,36,PC
481.32,232,5,1.3,2.2,4.5,Search_Engine,4,37,PC
326.12,289,8,3.8,3.29,4.5,Search_Engine,4,63,PC
594.02,576,13,4.2,1.27,3.8,Search_Engine,4,41,PC
676.4,1035,24,2,3.84,4.5,Search_Engine,4,40,PC
592.25,1061,24,2.7,2.38,4,Social_Media_Advertisement,5,29,Mobile
498.64,661,16,2,3.07,3.8,Search_Engine,4,52,Mobile
617.92,868,20,2.2,3.49,4.2,Search_Engine,4,37,PC
383.64,655,15,2.2,2.46,3.9,Search_Engine,4,22,PC
474.03,966,20,3.2,4.54,4.6,Search_Engine,4,66,PC
622.03,799,20,3.2,4.11,4.2,Search_Engine,4,42,PC
556.32,840,22,3.4,3.41,3.8,Search_Engine,5,45,Mobile
484.9,1060,26,4.2,1.75,4.5,Social_Media_Advertisement,4,71,PC
767.72,1231,30,2.3,3.44,4.3,Search_Engine,4,40,Mobile
598.98,1335,32,1.5,2.52,3.5,Search_Engine,5,60,PC
710.55,934,21,4.5,2.31,4.6,Social_Media_Advertisement,5,46,Mobile
603.4,723,17,3.6,4.1,4.6,Social_Media_Advertisement,5,48,PC
366.33,580,14,3.8,2.98,3,Search_Engine,3,27,PC
639.36,1173,28,4.2,1.88,3.7,Social_Media_Advertisement,3,43,PC
511.82,268,4,1.7,3.39,3.8,Social_Media_Advertisement,4,40,PC
360.92,325,8,3.1,4.87,4.4,Other,4,28,Mobile
659.76,910,21,3.8,2.54,3.8,Search_Engine,4,49,Mobile
438.85,947,22,3,1.76,4,Friends_or_Family,3,22,PC
601.52,720,15,2.8,4.37,4.9,Search_Engine,4,52,Mobile
676.8,1109,26,2.9,1.53,4.9,Friends_or_Family,4,29,PC
660.3,959,22,3.3,1.7,3.9,Social_Media_Advertisement,3,38,PC
696.19,1136,25,3.1,2.83,4.2,Social_Media_Advertisement,5,42,PC
693.1,986,22,3.5,3.07,4.5,Search_Engine,4,45,PC
716.92,1356,31,3.9,1.69,3.3,Social_Media_Advertisement,4,36,Mobile
410.94,470,11,3.6,1.88,3.8,Social_Media_Advertisement,4,26,Mobile
562.79,494,12,4.5,2.24,3.8,Search_Engine,4,45,PC
744,1084,25,1.8,3.54,5,Search_Engine,4,46,PC
459.17,635,18,2.3,1.34,3.8,Search_Engine,3,65,PC
578.08,595,15,2.8,4.91,4.3,Friends_or_Family,4,41,PC
530.56,587,12,2.8,4.38,4.5,Social_Media_Advertisement,4,54,PC
685.79,1204,27,3.6,2.72,4.9,Social_Media_Advertisement,4,33,PC
629.53,956,23,3.4,3.94,3.3,Search_Engine,4,42,PC
524.11,652,18,2,4.52,4.1,Search_Engine,4,32,Mobile
623.21,724,18,1.5,3.27,3.9,Social_Media_Advertisement,4,49,Mobile
589.09,884,21,2.8,4.61,3.7,Social_Media_Advertisement,4,45,PC
739.64,986,25,4,2.07,4.2,Search_Engine,4,44,PC
512.09,705,18,2.1,3.69,3.2,Search_Engine,4,55,PC
639.5,722,15,4.4,3.21,4.3,Search_Engine,4,45,PC
556.5,417,12,3.5,4.08,4.4,Social_Media_Advertisement,4,36,PC
472.88,462,9,3.4,1.74,4,Search_Engine,4,39,Mobile
597.98,990,25,2.8,2.41,3.9,Search_Engine,3,60,PC
614.09,782,18,2,4.13,4.2,Friends_or_Family,4,57,PC
706.98,1259,29,3.1,4.73,4.2,Social_Media_Advertisement,4,52,PC
657.43,899,20,4.4,4.64,4.9,Social_Media_Advertisement,5,45,PC
573.2,644,16,2.8,1.42,4.3,Search_Engine,3,52,PC
569.46,596,15,4.3,2.75,4.2,Search_Engine,4,52,PC
478.88,634,16,3.4,4.42,3.5,Social_Media_Advertisement,5,55,PC
489.83,180,3,2.1,1.5,4,Search_Engine,4,45,PC
279.96,318,9,2.5,4.04,3.8,Search_Engine,4,67,PC
618.6,816,20,3.9,2.99,4.7,Search_Engine,4,38,Mobile
790.27,1061,22,3.9,3.89,4.2,Search_Engine,4,41,PC
547.59,787,19,3.7,4.52,3.5,Social_Media_Advertisement,3,46,PC
516.22,517,11,2.5,2.27,2.9,Search_Engine,4,34,PC
586.74,602,13,4.3,2.14,4.5,Other,4,51,PC
619.32,923,22,1.9,5.3,3.8,Search_Engine,5,36,PC
647.8,1148,28,3.5,2.41,2.7,Social_Media_Advertisement,5,50,PC
701.96,913,24,3,3.32,4.7,Search_Engine,4,37,PC
577.01,533,12,1.4,3.88,3.5,Social_Media_Advertisement,4,47,PC
596.4,535,13,3.2,4.77,4.3,Friends_or_Family,4,33,Mobile
704.62,1147,25,2.9,2.36,4.1,Search_Engine,5,53,PC
475.94,360,8,2.2,2.13,4.2,Search_Engine,4,44,PC
490.53,506,11,3.5,2.41,4.1,Search_Engine,5,40,PC
558.58,1112,30,1.8,3.29,4.3,Search_Engine,4,60,PC
696.01,1180,27,2.4,4.25,4,Search_Engine,5,53,Mobile
599.32,909,20,4.5,2.25,4.1,Social_Media_Advertisement,3,39,Mobile
687.47,1237,32,2.7,2.69,3.7,Friends_or_Family,4,47,PC
777.1,1048,25,3.5,3.46,4.6,Social_Media_Advertisement,5,55,PC
431.5,439,8,3.7,4.26,3,Search_Engine,4,50,Mobile
747.54,1345,32,2.5,2.84,3.9,Friends_or_Family,4,37,Mobile
729,1276,31,3.6,3.31,4.1,Other,4,47,PC
575.3,1169,29,1.6,2.73,4.5,Search_Engine,4,56,PC
148.16,585,13,3,2.06,4.3,Social_Media_Advertisement,4,76,Mobile
523.87,539,14,3.8,2.27,3.7,Social_Media_Advertisement,4,42,PC
494.54,728,15,2.6,3.12,3.7,Search_Engine,4,55,PC
594.34,757,18,2.3,3.37,3.5,Search_Engine,4,46,Mobile
569.54,815,20,2.2,4.34,3.2,Search_Engine,4,50,PC
619.08,1085,24,2.4,2.01,3.4,Search_Engine,3,53,PC
568.08,808,17,3,2.7,2.6,Social_Media_Advertisement,5,44,PC
565.48,974,22,3.5,3.39,3.9,Search_Engine,3,57,PC
799.16,1590,36,1.6,3.96,3.9,Search_Engine,4,39,PC
291.7,1326,29,3.9,2.34,4.9,Search_Engine,4,78,Mobile
679.64,1018,24,3.4,1.86,4.3,Search_Engine,4,42,PC
754.6,1216,29,5.3,2.02,4.3,Search_Engine,4,48,PC
451.38,460,12,2.1,3.01,3.9,Search_Engine,4,39,Mobile
616.04,995,22,2.1,3.05,4.8,Social_Media_Advertisement,4,54,Mobile
516.07,180,5,3.3,1.8,5,Social_Media_Advertisement,4,43,PC
602.18,681,16,2,2.68,4.6,Search_Engine,5,49,PC
671.18,1178,27,3.4,4.09,3.8,Search_Engine,4,52,PC
742.31,1271,29,4.6,2.85,4.6,Search_Engine,3,47,PC
718.1,1182,29,3.8,4.6,4.5,Search_Engine,4,39,Mobile
829.94,1502,37,2,3.03,4.6,Search_Engine,4,40,PC
613.3,880,22,3.2,2.94,3.2,Search_Engine,3,41,PC
629.27,1210,28,3.9,4.48,4.1,Social_Media_Advertisement,4,60,PC
621.3,1018,24,4.6,1.51,4.5,Social_Media_Advertisement,4,58,Mobile
620.48,820,22,1.9,3.06,3.5,Search_Engine,4,49,PC
645.82,977,24,3.6,2.93,3.8,Search_Engine,4,39,Mobile
652.36,855,20,3.3,2.35,4.1,Social_Media_Advertisement,4,45,PC
466.24,844,18,3.3,2.74,3.4,Social_Media_Advertisement,5,62,PC
520.98,640,16,2.7,3.2,3.4,Search_Engine,4,39,PC
559.11,887,22,3.6,1.99,4,Search_Engine,4,49,PC
657.07,697,17,2.9,2.44,4.9,Social_Media_Advertisement,5,52,PC
449,602,14,3.2,1.78,3.3,Search_Engine,4,63,PC
501.33,462,8,4.2,3.4,3.1,Search_Engine,4,58,PC
385.73,506,16,3.2,2.9,2.9,Search_Engine,5,54,PC
725.74,1158,26,3.8,1.58,4.1,Search_Engine,3,55,Mobile
591.07,952,24,3.1,2.08,3.8,Search_Engine,4,29,PC
349.09,415,12,2.5,4.18,4.7,Search_Engine,4,63,Mobile
598.46,836,21,4.1,2.07,3.7,Search_Engine,4,36,PC
772.26,1235,30,2.2,2.27,4.4,Social_Media_Advertisement,5,39,PC
504.26,452,13,3.7,1.66,3.3,Social_Media_Advertisement,4,51,PC
697.68,1267,29,4,2.52,3.6,Social_Media_Advertisement,4,37,PC
532.19,796,17,2.6,3.76,4.5,Search_Engine,4,27,PC
647.06,955,26,4.5,3.03,4.9,Social_Media_Advertisement,4,29,PC
651.93,1121,25,2.5,4.15,3.7,Search_Engine,4,41,PC
611.84,995,24,2,2.5,4,Search_Engine,4,55,Mobile
485.72,859,18,3.3,4.95,4,Social_Media_Advertisement,4,62,PC
664.02,1160,26,3.7,2.76,3.8,Friends_or_Family,4,34,Mobile
175.51,660,16,4.3,4.98,3.5,Social_Media_Advertisement,4,74,Mobile
474.21,544,12,2.4,2.89,3.8,Friends_or_Family,4,60,PC
563.56,871,20,4.4,1.78,4.1,Search_Engine,5,53,PC
536.28,394,10,2.7,1.72,3.6,Social_Media_Advertisement,5,40,PC
550.57,542,15,1.5,3.02,3.3,Search_Engine,5,42,Mobile
570.74,485,13,2.6,2.84,4.8,Social_Media_Advertisement,4,39,PC
704.25,1068,24,2,2.79,4.3,Search_Engine,4,52,PC
507.38,251,6,2,2,4.2,Search_Engine,4,41,PC
706.61,885,20,2.5,2.74,4.4,Social_Media_Advertisement,5,48,PC
650.88,1161,27,2.9,2.98,3.9,Social_Media_Advertisement,4,42,PC
750.96,1276,27,3.5,2.86,4.3,Search_Engine,4,41,PC
511.35,723,17,3.3,4.99,3.5,Friends_or_Family,5,45,PC
607.66,1003,24,2.7,5.44,3.1,Friends_or_Family,3,53,PC
546.72,1191,29,2.4,2.16,3.9,Search_Engine,3,62,PC
586.86,689,15,3.9,1.59,3.5,Search_Engine,4,46,Mobile
477.65,652,16,2.1,2.65,3.9,Search_Engine,4,34,Mobile
700.12,1225,26,4.3,5.37,3.7,Search_Engine,3,44,Mobile
662.34,868,20,3.1,4.12,4.6,Social_Media_Advertisement,4,31,Mobile
541.14,674,16,2.7,3.37,3.7,Social_Media_Advertisement,3,42,PC
665.78,1092,25,3.6,1.18,4.1,Search_Engine,4,55,PC
614.96,851,18,1.4,3.92,3.7,Social_Media_Advertisement,4,51,Mobile
573.84,770,17,1.7,4.65,4.2,Social_Media_Advertisement,4,35,Mobile
415.95,1197,27,4.1,4.27,3.3,Friends_or_Family,4,70,PC
665.24,854,19,1.5,2.36,4.4,Search_Engine,5,35,PC
604.56,757,15,4.9,2.65,4.1,Search_Engine,4,41,PC
734.08,1358,32,5.7,3.93,5,Search_Engine,4,34,PC
645.3,1077,24,2.6,3.87,3.9,Social_Media_Advertisement,4,56,Mobile
562.51,636,17,2,4.33,3.5,Social_Media_Advertisement,5,36,Mobile
658.88,964,22,3.6,1.22,4.1,Social_Media_Advertisement,4,41,PC
657.43,1206,29,3.4,4.45,3.8,Search_Engine,4,50,PC
491.15,597,13,2.8,4.1,3.5,Search_Engine,4,44,Mobile
560.46,890,20,3.7,1.35,3.9,Search_Engine,4,32,PC
498.56,547,13,4.4,2.21,2.8,Social_Media_Advertisement,4,41,PC
696.7,1281,29,3.8,2.68,4.2,Search_Engine,3,53,PC
732.84,1430,35,2.9,3.88,4,Search_Engine,4,48,Mobile
722.32,1068,24,3.8,1.38,4.5,Friends_or_Family,3,47,Mobile
587.45,820,20,1.8,3.86,3.9,Search_Engine,5,42,Mobile
668.34,1023,22,5.4,3.61,4.2,Social_Media_Advertisement,4,56,PC
667.33,929,22,3,4.56,3.9,Search_Engine,4,52,PC
723.43,1078,24,3,5.64,4.5,Social_Media_Advertisement,4,38,PC
625.74,924,22,3.4,1.53,3.5,Social_Media_Advertisement,4,38,Mobile
628.65,1025,22,3.8,4.79,3.5,Social_Media_Advertisement,3,43,PC
803.9,1447,34,2.1,4.01,4.2,Social_Media_Advertisement,4,35,PC
522.45,180,4,2.3,2.2,4.4,Social_Media_Advertisement,5,43,Mobile
566.07,526,11,2.1,2.9,4,Search_Engine,4,34,PC
449.8,673,15,3.1,4.95,3.7,Social_Media_Advertisement,3,25,PC
495.02,804,20,3,1.36,4.9,Social_Media_Advertisement,5,25,PC
695.4,1213,27,1.6,2.96,4.4,Social_Media_Advertisement,5,36,PC
550.74,596,15,3.4,1.94,3.8,Search_Engine,4,47,PC
641.01,875,21,2.3,1.61,4.2,Social_Media_Advertisement,4,44,PC
690.34,1170,27,2,2.3,3.2,Search_Engine,4,42,PC
489.46,916,21,3.7,3,3.7,Social_Media_Advertisement,3,27,PC
606.74,796,20,2.6,1.68,4.5,Search_Engine,4,59,PC
640.48,884,21,3.9,3.51,4.9,Search_Engine,3,52,PC
601.78,1080,28,2.3,3.4,4.9,Friends_or_Family,4,56,Mobile
577.51,812,22,2.8,4.15,4,Search_Engine,4,37,PC
367.48,675,18,3.4,3.46,3.2,Search_Engine,4,24,Mobile
554.62,879,24,2.3,2.69,2.9,Search_Engine,3,40,PC
695.9,1428,31,1.9,3.46,4,Search_Engine,4,39,Mobile
479.76,495,9,3.2,2.75,3.5,Friends_or_Family,4,30,PC
788.12,1406,32,2,2.58,3.7,Social_Media_Advertisement,5,50,PC
641.45,984,23,3.4,3.14,4.1,Search_Engine,5,41,PC
500.77,521,13,3.6,1.74,4.3,Social_Media_Advertisement,4,28,Mobile
564.16,1216,29,2.5,4.42,3.2,Search_Engine,4,29,PC
655.23,1157,25,3.6,4.76,4.9,Search_Engine,4,58,PC
578.54,630,13,3.8,3.49,4.3,Search_Engine,5,50,PC
584.9,847,20,2,3.22,3.9,Search_Engine,4,44,Mobile
630.6,606,16,2.4,2.73,4,Social_Media_Advertisement,4,48,PC
432.9,235,6,2.1,2.3,3.3,Friends_or_Family,4,54,Mobile
589.26,1076,26,2.3,4.02,3,Social_Media_Advertisement,4,34,PC
691.18,1034,24,3.4,3.88,4.9,Search_Engine,5,41,Mobile
530.9,553,14,2.1,4.97,3.4,Social_Media_Advertisement,4,46,Mobile
678.71,1350,32,3.8,3.21,4.3,Friends_or_Family,4,27,PC
605.98,1046,24,3.2,4.21,4.3,Search_Engine,3,58,PC
603.71,877,20,3.3,4.32,3.8,Search_Engine,4,38,PC
641.04,1067,24,2.6,3.1,3.6,Search_Engine,4,49,PC
653.32,1030,22,1.4,2.75,4,Social_Media_Advertisement,4,33,PC
615.63,765,21,2.4,2.31,3.5,Search_Engine,4,37,PC
726.03,1288,30,2,2.55,2.9,Search_Engine,4,44,PC
680.9,1143,23,4.7,3.39,4.5,Search_Engine,4,45,Mobile
512.58,860,23,1.4,2.79,3.5,Social_Media_Advertisement,4,32,PC
604.22,712,17,2,3.38,4.1,Social_Media_Advertisement,5,56,PC
573.87,636,14,2.5,2.53,3.8,Social_Media_Advertisement,3,42,Mobile
593.98,914,20,2.5,4.2,3.3,Search_Engine,4,57,Mobile
579.67,788,18,2,2,4.4,Search_Engine,5,44,Mobile
611.95,561,15,1.8,4.21,4,Search_Engine,3,47,PC
514.03,502,13,3.6,1.2,4.2,Search_Engine,4,33,PC
578.74,661,14,3,3.86,4.4,Search_Engine,4,42,PC
659.4,1007,22,4,3.95,3.9,Search_Engine,4,53,PC
635.2,828,20,2,4.63,3.7,Search_Engine,4,44,Mobile
753.44,1209,30,3.4,1.37,4.9,Search_Engine,4,54,PC
809.4,1375,31,2.6,2.51,3.3,Other,4,45,Mobile
615.58,858,20,3.1,2.81,3.7,Social_Media_Advertisement,3,53,PC
419.16,180,4,4.6,1.22,3.6,Search_Engine,4,41,Mobile
666.14,910,22,4.9,1.95,3.5,Search_Engine,3,39,Mobile
680,1134,25,3.2,4.98,3.1,Social_Media_Advertisement,4,48,PC
493.92,180,2,1.8,2.52,4,Search_Engine,3,44,Mobile
567.2,811,16,3.1,1.15,3.8,Social_Media_Advertisement,4,54,PC
599.01,1154,27,3.3,3.93,4.1,Search_Engine,4,49,PC
603.43,750,17,1.6,4.06,3.8,Search_Engine,5,52,PC
788.66,1322,30,2.1,2.22,4.5,Search_Engine,4,47,PC
552.56,551,13,2.9,3.94,3.8,Search_Engine,4,49,PC
653.02,955,27,1.6,3.94,4.2,Friends_or_Family,3,49,Mobile
444.88,585,11,3.6,1.73,4.4,Search_Engine,4,60,Mobile
667.38,950,24,2.4,2.76,4.4,Search_Engine,4,47,PC
650.98,1170,30,2.2,2.37,3.9,Friends_or_Family,4,49,PC
708.81,1056,27,3.8,1.68,2.8,Search_Engine,4,44,Mobile
604.08,744,18,3.9,1.64,4.1,Social_Media_Advertisement,4,43,PC
598.74,850,18,2.5,3.82,3.8,Friends_or_Family,4,33,PC
765.18,1602,35,2.4,2.72,3.8,Social_Media_Advertisement,3,57,Mobile
680.45,1065,26,3.8,2.18,4.1,Social_Media_Advertisement,4,45,PC
699.5,1027,25,1.9,2.56,3.9,Social_Media_Advertisement,5,41,PC
418.84,930,21,4,1.9,4,Search_Engine,4,67,PC
677.94,1067,26,3.8,1.28,3.1,Search_Engine,5,50,PC
381.38,1017,23,2.4,2.24,3.9,Other,4,71,PC
586.02,1037,24,4.7,3.55,3.2,Search_Engine,4,32,PC
497.62,567,13,3.2,2.78,4.3,Social_Media_Advertisement,5,56,PC
651.36,879,19,2.5,1.98,4,Search_Engine,3,45,PC
551.4,675,17,4.3,4.84,2.8,Search_Engine,3,44,PC
532.16,777,17,3.6,3.2,3.9,Search_Engine,4,60,PC
336.1,1189,24,2.4,2.91,4.6,Social_Media_Advertisement,4,72,Mobile
653.34,866,22,3.7,3.72,4.1,Search_Engine,4,48,Mobile
546.35,431,11,3.9,2.57,3.9,Search_Engine,4,44,PC
638.32,1038,23,2.7,2.67,3.6,Social_Media_Advertisement,4,41,Mobile
724.18,1314,30,4,3.01,4.2,Search_Engine,4,49,PC
721.68,991,23,3.3,4.81,4.2,Search_Engine,4,44,PC
674.46,899,22,2,3.11,4.3,Social_Media_Advertisement,4,31,PC
556.78,802,17,3,3.94,4.6,Social_Media_Advertisement,4,52,PC
533.02,344,10,3.1,3.29,4.5,Other,3,46,PC
618.61,1036,23,2.3,3.35,3.5,Search_Engine,4,40,Mobile
591.87,927,25,2.6,3.36,4.2,Search_Engine,4,59,PC
665.61,772,16,3.3,2,3.8,Search_Engine,5,42,PC
663.7,792,20,3.5,1.64,3.6,Friends_or_Family,4,42,Mobile
769.08,1330,32,2.4,2.84,4.4,Search_Engine,3,49,PC
623.82,830,20,2.7,3.2,3.4,Search_Engine,4,49,PC
476.52,319,9,2.7,2.2,3.4,Search_Engine,4,50,PC
556.5,678,16,4.2,2.67,4.6,Social_Media_Advertisement,4,31,Mobile
340.42,484,11,2.7,3.63,4.1,Search_Engine,4,19,PC
517.74,409,11,3.1,2.76,4,Search_Engine,4,50,PC
490.32,180,4,4.1,3.42,4.1,Search_Engine,4,53,PC
658.08,775,19,2.5,3.26,4.1,Social_Media_Advertisement,4,45,PC
637.98,1075,24,1.7,3.97,3.6,Search_Engine,4,46,PC
118.06,591,15,4.6,2.48,3.9,Social_Media_Advertisement,4,12,Mobile
543.54,788,18,2.9,2.93,3.1,Search_Engine,4,46,PC
620.35,866,20,1.9,3.01,3.8,Search_Engine,4,37,PC
331.57,180,4,2,5.19,4.7,Social_Media_Advertisement,3,63,PC
660.4,953,22,2.7,2.38,3.6,Search_Engine,4,46,PC
540.52,806,17,2.2,2.55,3.2,Search_Engine,3,41,Mobile
427.88,190,5,3,3.58,4.9,Search_Engine,5,59,PC
627.62,1437,33,1.7,1.77,4.1,Social_Media_Advertisement,3,56,PC
783.1,992,23,4.4,1.38,4.6,Social_Media_Advertisement,4,47,PC
676.06,984,22,4.6,2.44,4.3,Social_Media_Advertisement,4,52,PC
703.92,1271,29,1.8,4.38,4,Social_Media_Advertisement,4,47,Mobile
581.77,971,24,2.2,2.27,3.9,Social_Media_Advertisement,3,53,Mobile
590.87,517,12,1.6,3.08,4.1,Social_Media_Advertisement,4,43,Mobile
752.28,1648,40,2.2,1.15,4.7,Search_Engine,3,58,PC
603.32,897,23,2.7,2.91,3.8,Social_Media_Advertisement,4,51,Mobile
546.26,180,2,3.1,2.38,4.9,Search_Engine,5,51,PC
615.16,736,18,2.5,3.14,3.7,Search_Engine,5,48,PC
534.1,1086,27,4.9,4.12,3.2,Search_Engine,5,61,PC
560.66,1063,27,1.5,2.02,3.5,Search_Engine,4,62,PC
642.42,1031,22,4.7,3.19,4.3,Search_Engine,3,30,PC
712.3,1162,29,2.7,3.93,3.8,Search_Engine,4,43,PC
484,703,17,2.8,4.43,3.5,Social_Media_Advertisement,5,61,PC
446.18,363,10,3.8,3.73,4,Social_Media_Advertisement,4,29,PC
699.22,1073,24,2.3,2.13,3.4,Search_Engine,4,41,Mobile
517.75,525,9,2.8,6.4,3.8,Search_Engine,4,46,PC
490,910,22,2.7,3.6,3.8,Friends_or_Family,4,62,PC
559.62,589,12,4,1.53,3.8,Social_Media_Advertisement,4,45,PC
230.01,180,6,2.3,4.49,4.5,Search_Engine,4,68,Mobile
511.82,328,12,3.2,1.79,4.3,Search_Engine,4,33,PC
646.14,988,23,1.4,2.02,3.8,Search_Engine,4,50,PC
589.17,423,9,3.5,2.96,4.8,Social_Media_Advertisement,3,38,PC
566.57,715,18,2,3.17,3.1,Social_Media_Advertisement,4,37,PC
491.38,591,15,3.6,1.93,4.2,Social_Media_Advertisement,3,55,PC
595.66,958,23,3.6,3.45,3.6,Social_Media_Advertisement,4,39,PC
553.34,628,12,3.2,2.36,4.4,Search_Engine,4,50,PC
725.7,1350,28,2.5,1.61,3.6,Friends_or_Family,4,62,PC
453.34,543,11,3.7,4.11,3.5,Search_Engine,5,57,PC
480.68,358,10,2.6,3.39,3.4,Friends_or_Family,5,51,PC